id_anonyme,type_repondant,sexe,serie_bac,famille_bac,note_malagasy,note_francais,note_langue_vivante,note_hg,note_philosophie,note_mathematiques,note_spc,note_svt,note_ses,score_scientifique_dur,score_scientifique_naturel,score_litteraire,score_economique,moyenne_generale,mention_diplome,matiere_mathematiques,matiere_physique,matiere_informatique,matiere_svt,matiere_francais,matiere_malagasy,matiere_hg,matiere_ses,matiere_arts,matiere_autre,competence_logique,competence_programmation,competence_expression,competence_manuelle,competence_relationnelle,competence_creativite,competence_organisation,competence_esprit_critique,competence_autre,interet_technologie,interet_science,interet_art,interet_sante,interet_entrepreneuriat,interet_environnement,interet_social,interet_sport,interet_autre,experience_projet_prog,experience_stage,experience_association,experience_projet_perso,metier_vise,environnement,prerequis_bases_algo,prerequis_anglais,prerequis_maths_avancees,parcours_choisi,niveau_actuel,annee_fin_etudes,metier_exerce,anciennete_metier,satisfaction,referait_choix,commentaire_retrospectif
rep_synth_0009,etudiant,homme,s,scientifique,10,9,9,9,4,15,17,11,,16.0,11.0,8.2,,2,1,1,1,0,0,0,0,0,0,0,0,1,0,0,0,0,0,0,1,0,0,1,0,0,0,0,0,0,0,0,0,0,1,developpeur,terrain,0,1,1,icmp,l2,0,,,4,oui,
rep_synth_0193,etudiant,homme,s,scientifique,6,12,9,9,10,17,12,10,,14.5,10.0,9.2,,1,1,1,1,0,0,0,0,0,0,0,0,1,1,0,1,0,0,0,0,0,1,1,0,0,0,0,0,0,0,0,0,1,0,technicien_superieur,recherche,1,0,1,emii,m1,0,,,5,oui,
rep_synth_0132,etudiant,homme,s,scientifique,7,13,9,12,7,16,16,14,,16.0,14.0,9.6,,1,1,1,1,1,1,0,0,0,0,0,0,1,1,0,0,0,0,0,1,0,1,1,0,0,0,1,0,0,0,0,1,0,1,developpeur,bureau,1,1,1,isaia,m2,0,,,5,oui,
rep_synth_0290,professionnel,homme,s,scientifique,16,10,10,14,10,16,13,13,,14.5,13.0,12.0,,3,2,1,0,0,0,0,0,0,1,0,0,1,0,0,0,0,0,1,1,0,0,1,0,0,1,0,0,0,0,1,1,0,0,comptable,bureau,1,0,0,fic,,2008,analyste_financier,204,4,oui,
rep_synth_0042,etudiant,homme,a2,litteraire,15,12,16,19,15,8,,,,,,15.4,,4,3,0,0,0,0,1,1,1,0,0,0,0,0,1,0,0,0,0,1,0,0,0,0,0,0,0,1,0,0,0,1,0,0,assistant_juridique,bureau,0,1,1,dtja,l1,0,,,4,oui,
rep_synth_0135,etudiant,homme,a1,litteraire,12,16,18,10,17,11,,,,,,14.6,,4,3,0,0,0,1,1,0,0,0,1,0,0,0,1,0,1,0,1,0,0,0,0,0,0,0,1,0,0,0,1,0,0,0,developpeur_web,relationnel,0,1,0,tee,l2,0,,,4,oui,
rep_synth_0298,professionnel,homme,a1,litteraire,15,16,16,13,15,8,,,,,,15.0,,4,3,0,0,0,0,1,0,0,1,0,0,0,0,1,0,0,0,1,0,0,0,0,0,0,1,0,1,0,0,0,0,0,0,commercial_export,bureau,1,1,0,caa,,2018,commercial_export,72,5,oui,
rep_synth_0216,etudiant,femme,s,scientifique,10,7,18,11,12,10,13,11,,11.5,11.0,11.6,,1,1,0,0,0,0,1,0,0,1,0,0,1,0,0,0,0,0,1,1,0,0,0,0,0,0,0,0,0,0,1,0,0,1,analyste_financier,bureau,0,1,0,fic,l2,0,,,3,oui,
rep_synth_0191,etudiant,homme,d,scientifique,10,12,8,8,12,15,8,18,,11.5,18.0,10.0,,1,1,1,0,0,1,0,1,0,0,0,0,1,0,0,1,0,0,0,0,0,0,1,0,0,0,1,0,0,0,0,0,0,0,technicien_production_vegetale,laboratoire,1,1,1,pip,l1,0,,,5,oui,
rep_synth_0078,etudiant,homme,c,scientifique,11,10,8,8,8,18,16,11,,17.0,11.0,9.0,,1,1,0,1,1,0,0,1,0,0,1,0,1,0,0,0,0,1,0,0,0,0,1,0,0,0,0,0,0,0,0,0,0,0,conducteur_travaux,bureau,1,1,1,gca,l1,0,,,5,oui,
rep_synth_0054,etudiant,homme,c,scientifique,13,15,9,13,9,15,17,9,,16.0,9.0,11.8,,3,2,0,1,0,0,1,0,0,1,0,0,1,0,0,0,0,0,1,1,0,0,1,0,0,1,0,0,0,0,1,1,1,0,charge_etudes,relationnel,0,1,1,fic,m1,0,,,4,oui,
rep_synth_0082,etudiant,homme,s,scientifique,12,7,11,8,12,17,16,10,,16.5,10.0,10.0,,1,1,1,1,1,0,0,0,1,0,0,0,1,1,0,1,0,0,0,0,0,1,1,0,0,0,0,0,0,0,0,0,0,0,ingenieur_electronique,recherche,1,1,1,esii,l3,0,,,5,oui,
rep_synth_0092,etudiant,femme,a1,litteraire,15,16,19,12,15,11,,,,,,15.4,,4,3,0,0,0,0,1,0,0,1,0,0,0,0,1,0,0,0,1,1,0,0,0,0,0,1,0,0,0,0,1,0,1,0,economiste,relationnel,1,1,0,emp,m2,0,,,5,oui,
rep_synth_0179,etudiant,femme,c,scientifique,10,14,15,12,13,18,16,13,,17.0,13.0,12.8,,4,3,1,1,1,0,1,0,0,0,0,0,1,0,1,1,0,0,0,0,0,0,1,1,0,0,0,0,0,0,0,1,0,0,conducteur_travaux,bureau,1,1,0,gca,l2,0,,,5,oui,
rep_synth_0243,etudiant,homme,d,scientifique,11,9,4,8,11,17,13,19,,15.0,19.0,8.6,,2,1,1,1,1,1,0,0,0,0,0,0,1,1,0,1,0,0,0,0,0,1,1,0,0,0,0,0,0,0,0,1,1,0,chef_de_projet_multimedia,bureau,1,1,1,esii,l1,0,,,5,oui,
rep_synth_0240,etudiant,homme,ose,economique,15,13,16,13,17,16,,,15,,,14.8,14.7,5,4,1,0,0,0,0,0,0,1,0,0,1,0,0,0,0,0,1,0,0,0,1,0,0,1,0,0,0,0,0,0,1,0,charge_etudes,bureau,0,1,1,emp,m2,0,,,4,oui,
rep_synth_0239,etudiant,femme,d,scientifique,10,9,13,11,10,10,13,15,,11.5,15.0,10.6,,2,1,1,1,1,1,0,0,0,0,0,0,1,1,0,1,0,0,0,0,0,1,0,0,0,0,1,0,0,0,0,1,0,0,developpeur,recherche,1,0,1,esii,l2,0,,,4,oui,
rep_synth_0356,professionnel,homme,c,scientifique,9,12,15,13,5,17,15,8,,16.0,8.0,10.8,,2,1,1,1,0,0,1,0,0,1,0,0,1,0,0,0,0,0,0,0,0,0,1,0,0,1,0,0,0,0,0,0,0,0,analyste_financier,bureau,0,0,1,fic,,2012,analyste_financier,133,4,oui,
rep_synth_0388,professionnel,femme,c,scientifique,9,14,15,8,10,19,16,14,,17.5,14.0,11.2,,3,2,1,1,0,1,1,0,0,0,0,0,1,0,1,0,0,0,0,1,0,0,1,0,0,0,1,0,0,0,0,1,1,1,technicien_production_vegetale,recherche,1,1,1,pip,,2015,horticulteur,101,4,oui,
rep_synth_0254,etudiant,homme,ose,economique,17,8,9,14,12,11,,,18,,,12.0,14.3,3,2,0,0,1,0,0,0,0,0,0,0,0,1,0,0,1,0,1,0,0,1,0,0,0,1,0,0,0,0,0,0,1,1,horticulteur,bureau,1,1,0,iggia,m1,0,,,3,oui,
rep_synth_0363,professionnel,femme,a2,litteraire,13,17,13,16,14,10,,,,,,14.6,,4,3,0,0,1,0,1,0,0,0,1,0,0,0,1,0,1,0,1,0,0,0,0,0,0,0,0,1,0,0,0,0,1,0,responsable_restauration,relationnel,0,0,1,teh,,2015,responsable_restauration,112,5,oui,
rep_synth_0238,etudiant,femme,s,scientifique,11,15,15,13,6,16,14,15,,15.0,15.0,12.0,,3,2,1,1,1,1,1,0,0,0,1,0,1,0,1,1,0,0,0,0,0,0,1,1,0,0,1,0,0,0,1,0,1,0,conducteur_travaux,terrain,1,1,1,gca,m2,0,,,5,oui,
rep_synth_0237,etudiant,femme,a1,litteraire,18,12,15,14,14,11,,,,,,14.6,,4,3,0,0,0,0,0,0,0,1,0,0,0,0,0,0,0,0,1,1,0,0,0,0,0,1,0,0,0,0,0,0,0,1,charge_etudes,bureau,0,1,0,emp,l1,0,,,5,oui,
rep_synth_0258,etudiant,femme,a1,litteraire,16,18,16,14,17,7,,,,,,16.2,,4,3,0,1,0,0,1,0,0,1,0,0,0,0,1,0,0,0,1,0,0,0,0,0,0,1,0,0,0,0,0,1,0,0,charge_etudes,bureau,1,1,0,emp,l1,0,,,3,oui,
rep_synth_0199,etudiant,homme,d,scientifique,7,9,16,12,8,14,11,16,,12.5,16.0,10.4,,1,1,1,0,1,0,0,0,0,0,0,0,1,0,0,0,0,0,0,0,0,1,1,0,0,0,1,0,0,0,0,1,0,1,developpeur,bureau,1,1,1,isaia,m1,0,,,5,oui,
rep_synth_0314,professionnel,homme,a2,litteraire,17,16,18,15,13,12,,,,,,15.8,,5,4,0,0,0,0,1,0,1,0,0,0,0,0,1,0,0,0,0,1,0,0,0,0,0,0,0,0,0,0,0,1,0,1,assistant_juridique,bureau,0,1,0,dtja,,2018,assistant_juridique,64,4,oui,
rep_synth_0307,professionnel,femme,a1,litteraire,16,15,20,13,16,12,,,,,,16.0,,5,4,0,0,0,0,1,0,1,0,0,0,0,0,1,0,0,0,0,1,0,0,0,0,0,0,0,1,0,0,0,0,0,0,assistant_juridique,bureau,0,1,0,dtja,,2016,juriste,110,5,oui,
rep_synth_0276,professionnel,homme,ose,economique,7,14,17,12,15,16,,,18,,,13.0,15.3,4,3,1,0,1,0,1,0,0,1,0,0,1,1,0,0,1,0,1,0,0,1,1,0,0,1,0,0,0,0,0,0,0,1,consultant,bureau,1,1,1,iggia,,2018,chef_de_projet,60,5,oui,
rep_synth_0339,professionnel,femme,s,scientifique,5,12,12,14,4,17,16,11,,16.5,11.0,9.4,,1,1,1,1,0,0,0,0,1,0,0,0,1,0,0,1,0,0,0,1,0,0,1,0,0,0,0,0,0,0,1,0,0,1,comptable,bureau,0,1,1,icmp,,2011,developpeur,38,2,non,
rep_synth_0265,professionnel,homme,d,scientifique,11,13,9,12,6,15,14,16,,14.5,16.0,10.2,,3,2,1,1,1,1,0,0,0,0,1,0,1,1,1,0,0,1,0,0,0,1,1,1,0,0,1,0,0,0,0,0,0,1,developpeur_web,bureau,1,1,1,imticia,,2020,chef_de_projet_multimedia,52,5,oui,
rep_synth_0091,etudiant,femme,a1,litteraire,14,14,19,15,16,10,,,,,,15.6,,4,3,0,0,0,0,1,0,1,0,0,0,0,0,1,0,0,0,0,1,0,0,0,0,0,0,0,1,0,0,1,0,1,1,assistant_juridique,bureau,0,1,1,dtja,m1,0,,,5,oui,
rep_synth_0192,etudiant,femme,a2,litteraire,14,12,14,11,13,7,,,,,,12.8,,2,1,0,0,0,0,0,0,0,1,0,0,0,0,0,0,0,0,1,1,0,0,0,0,0,0,0,0,0,0,0,0,1,0,economiste,bureau,0,1,0,emp,l3,0,,,3,non,
rep_synth_0018,etudiant,femme,s,scientifique,10,13,12,12,13,19,14,11,,16.5,11.0,12.0,,3,2,1,1,1,0,0,0,0,1,0,0,1,1,0,0,1,0,1,0,0,1,1,0,0,1,0,0,0,0,1,0,1,0,comptable,bureau,1,1,0,iggia,l1,0,,,5,oui,
rep_synth_0280,professionnel,homme,a2,litteraire,15,13,13,13,17,9,,,,,,14.2,,3,2,0,0,0,1,0,0,0,0,1,0,0,0,0,0,1,0,1,0,0,0,0,0,0,0,1,0,0,0,0,1,1,0,ecoguide,terrain,0,0,0,tee,,2008,economiste,75,2,non,
rep_synth_0034,etudiant,homme,ose,economique,10,12,13,15,7,15,,,18,,,11.4,16.0,3,2,1,0,0,0,1,0,0,1,0,0,1,0,1,0,1,0,1,0,0,0,1,0,0,1,0,1,0,0,0,1,0,0,commercial_export,bureau,0,0,1,caa,l3,0,,,5,oui,
rep_synth_0202,etudiant,homme,s,scientifique,15,10,8,8,14,16,13,14,,14.5,14.0,11.0,,3,2,1,0,0,1,0,0,0,0,0,0,1,0,0,0,0,0,0,1,0,0,1,0,0,0,1,0,0,0,0,1,1,1,horticulteur,terrain,0,1,1,pip,l1,0,,,4,oui,
rep_synth_0205,etudiant,homme,ose,economique,9,13,12,12,7,16,,,18,,,10.6,15.3,3,2,0,0,0,0,1,0,0,1,0,0,1,0,0,0,0,0,1,1,0,0,1,0,0,1,0,0,0,0,1,1,1,1,analyste_financier,bureau,0,1,1,fic,l2,0,,,5,oui,
rep_synth_0051,etudiant,homme,c,scientifique,6,15,15,14,14,19,17,10,,18.0,10.0,12.8,,4,3,1,1,0,0,1,0,0,0,0,0,1,0,0,1,0,1,0,0,0,0,0,1,0,0,0,0,0,0,0,0,0,0,ingenieur_genie_civil,terrain,1,0,1,gca,l3,0,,,5,oui,
rep_synth_0120,etudiant,homme,s,scientifique,9,12,7,13,16,13,15,14,,14.0,14.0,11.4,,3,2,0,1,0,1,0,0,0,0,0,0,1,0,0,1,0,0,0,1,0,0,1,0,0,0,1,0,0,0,1,0,0,1,horticulteur,terrain,1,1,1,pip,l2,0,,,5,non,
rep_synth_0065,etudiant,homme,d,scientifique,12,12,11,7,9,11,10,20,,10.5,20.0,10.2,,1,1,0,0,0,1,0,0,0,0,0,0,0,0,0,0,0,0,0,1,0,0,1,0,0,0,1,0,0,0,1,0,1,0,technicien_production_vegetale,terrain,0,1,0,pip,l1,0,,,5,oui,
rep_synth_0370,professionnel,femme,c,scientifique,5,8,13,10,14,19,13,13,,16.0,13.0,10.0,,2,1,0,0,1,0,0,0,0,0,1,0,1,0,0,1,0,1,0,0,0,0,1,0,0,0,0,0,0,0,0,1,0,1,ingenieur_genie_civil,bureau,1,1,1,gca,,2013,ingenieur_genie_civil,141,5,oui,
rep_synth_0106,etudiant,femme,c,scientifique,5,8,10,14,8,18,14,9,,16.0,9.0,9.0,,2,1,1,1,0,0,0,0,0,0,0,0,1,0,0,1,0,1,0,0,0,0,1,1,0,0,0,0,0,0,0,0,1,0,ingenieur_genie_civil,terrain,1,1,1,gca,l1,0,,,5,oui,
rep_synth_0222,etudiant,femme,c,scientifique,7,6,12,14,9,16,17,19,,16.5,19.0,9.6,,3,2,1,1,1,1,0,0,0,0,0,0,1,0,0,0,0,0,0,1,0,0,1,0,0,0,1,0,0,0,0,0,1,0,horticulteur,terrain,1,1,1,pip,m1,0,,,5,oui,
rep_synth_0320,professionnel,femme,s,scientifique,5,9,10,13,15,20,12,11,,16.0,11.0,10.4,,1,1,1,0,1,0,0,0,0,0,1,0,1,0,0,1,0,1,0,0,0,0,1,1,0,0,0,0,0,0,1,1,1,1,conducteur_travaux,bureau,1,1,1,gca,,2008,ingenieur_genie_civil,186,5,oui,
rep_synth_0139,etudiant,homme,ose,economique,8,11,9,13,7,17,,,18,,,9.6,16.0,2,1,1,0,1,0,0,0,0,1,0,0,1,0,0,0,1,0,1,0,0,1,1,0,0,1,0,0,0,0,0,0,0,0,chef_de_projet,bureau,1,1,1,iggia,l3,0,,,5,non,
rep_synth_0157,etudiant,femme,d,scientifique,9,14,14,13,11,14,12,19,,13.0,19.0,12.2,,3,2,1,1,0,1,1,0,0,0,0,0,1,0,1,1,0,0,0,1,0,0,1,0,0,0,0,0,0,0,1,0,0,0,controleur_qualite,terrain,0,1,1,iaa,m2,0,,,5,oui,
rep_synth_0248,etudiant,femme,d,scientifique,11,13,11,12,14,13,16,18,,14.5,18.0,12.2,,4,3,0,1,0,1,0,0,0,0,0,0,1,0,0,1,0,0,0,0,0,0,1,0,0,0,1,0,0,0,0,1,1,1,technicien_agroalimentaire,laboratoire,0,0,1,iaa,l2,0,,,5,oui,
rep_synth_0137,etudiant,femme,a1,litteraire,18,16,18,12,18,9,,,,,,16.4,,5,4,0,0,0,0,1,0,0,1,0,0,0,0,1,0,1,0,1,0,0,0,0,0,0,0,0,0,0,0,0,0,1,0,commercial_export,bureau,1,1,0,caa,m1,0,,,5,oui,
rep_synth_0133,etudiant,homme,s,scientifique,10,14,16,13,14,20,11,13,,15.5,13.0,13.4,,4,3,1,0,1,1,1,0,0,0,1,0,1,0,1,1,0,1,0,0,0,0,1,1,0,0,0,0,0,0,0,0,0,0,conducteur_travaux,terrain,1,1,1,gca,l3,0,,,5,oui,
rep_synth_0228,etudiant,homme,s,scientifique,6,3,15,17,5,16,15,14,,15.5,14.0,9.2,,2,1,1,0,0,1,0,0,0,0,0,0,1,0,0,0,0,0,0,1,0,0,1,0,0,0,1,0,0,0,1,1,0,0,agronome,recherche,0,1,1,aee,l1,0,,,4,oui,
rep_synth_0364,professionnel,homme,s,scientifique,9,14,7,13,11,17,16,10,,16.5,10.0,10.8,,3,2,1,1,1,0,1,0,0,0,1,0,1,1,1,0,0,1,0,0,0,1,1,0,0,0,0,0,0,0,0,1,1,0,developpeur_web,recherche,1,1,1,imticia,,2012,developpeur_web,131,5,oui,
rep_synth_0281,professionnel,femme,a2,litteraire,16,13,16,20,13,12,,,,,,15.6,,5,4,0,0,0,0,0,0,1,0,0,0,0,0,1,0,0,0,0,1,0,0,0,0,0,0,0,1,0,0,0,0,1,0,assistant_juridique,bureau,0,0,0,dtja,,2016,juriste,76,4,oui,
rep_synth_0368,professionnel,femme,c,scientifique,12,16,9,11,8,19,14,10,,16.5,10.0,11.2,,3,2,1,0,1,0,1,0,0,0,1,0,1,0,1,0,0,0,0,0,0,0,1,1,0,0,0,0,0,0,0,0,0,0,ingenieur_genie_civil,terrain,1,1,1,gca,,2008,conducteur_travaux,197,5,oui,
rep_synth_0026,etudiant,femme,c,scientifique,8,11,17,11,12,17,15,15,,16.0,15.0,11.8,,3,2,1,1,0,1,0,0,0,0,0,0,1,0,0,1,0,0,0,0,0,0,1,0,0,0,1,0,0,0,0,0,0,0,horticulteur,terrain,0,1,1,pip,l1,0,,,5,oui,
rep_synth_0039,etudiant,homme,d,scientifique,9,13,12,16,8,12,8,17,,10.0,17.0,11.6,,2,1,1,0,1,1,0,0,0,0,1,0,1,0,0,1,0,1,0,0,0,0,1,0,0,0,1,0,0,0,0,0,0,1,conducteur_travaux,bureau,1,1,0,gca,m2,0,,,5,oui,
rep_synth_0283,professionnel,homme,s,scientifique,17,9,15,11,14,17,14,10,,15.5,10.0,13.2,,3,2,1,1,1,0,0,0,0,0,0,0,1,1,0,0,0,0,0,1,0,1,1,0,0,0,0,0,0,0,1,0,0,1,developpeur,bureau,1,1,1,isaia,,2011,ingenieur_ml,124,5,oui,
rep_synth_0077,etudiant,femme,s,scientifique,10,12,13,16,8,16,15,14,,15.5,14.0,11.8,,3,2,1,0,1,1,0,0,0,1,0,0,1,1,0,0,1,0,1,0,0,1,1,0,0,0,1,0,0,0,0,1,0,1,chef_de_projet,bureau,1,1,1,iggia,l1,0,,,5,oui,
rep_synth_0086,etudiant,homme,ose,economique,11,16,15,11,8,10,,,16,,,12.2,12.3,3,2,0,0,0,0,1,0,0,1,1,0,0,0,1,0,1,0,1,0,0,0,0,0,0,1,0,0,0,0,1,0,0,0,responsable_restauration,relationnel,0,1,0,teh,m1,0,,,4,oui,
rep_synth_0317,professionnel,femme,a2,litteraire,13,19,13,15,14,8,,,,,,14.8,,4,3,0,0,0,0,1,0,0,0,1,0,0,0,1,0,1,0,0,0,0,0,0,0,0,0,0,0,0,0,0,0,0,0,directeur_hotel,relationnel,0,1,0,teh,,2020,responsable_restauration,54,4,non,
rep_synth_0061,etudiant,femme,a2,litteraire,15,14,18,17,15,4,,,,,,15.8,,4,3,0,0,0,0,1,0,0,1,0,0,0,0,1,0,1,0,1,0,0,0,0,0,0,0,0,1,0,0,0,1,0,1,charge_affaires,relationnel,1,1,1,caa,m1,0,,,5,oui,
rep_synth_0196,etudiant,homme,a1,litteraire,16,13,17,15,14,12,,,,,,15.0,,4,3,0,0,0,0,1,0,1,0,1,0,0,0,1,0,0,0,0,1,0,0,0,0,0,0,0,0,0,0,1,0,1,1,assistant_juridique,relationnel,0,1,0,dtja,m1,0,,,4,oui,
rep_synth_0257,etudiant,homme,s,scientifique,19,9,11,19,12,20,16,9,,18.0,9.0,14.0,,4,3,1,1,1,0,0,1,0,1,0,0,1,1,0,0,1,0,1,0,0,0,1,0,0,1,0,0,0,0,0,0,0,0,chef_de_projet,recherche,1,1,1,iggia,m2,0,,,5,oui,
rep_synth_0225,etudiant,femme,s,scientifique,6,7,9,7,14,16,10,12,,13.0,12.0,8.6,,2,1,1,0,0,0,0,0,0,0,0,0,1,0,0,1,0,1,0,0,0,0,1,1,0,0,0,0,0,0,0,0,0,0,ingenieur_genie_civil,terrain,1,0,1,gca,m2,0,,,5,oui,
rep_synth_0271,professionnel,femme,s,scientifique,11,9,5,14,13,11,16,11,,13.5,11.0,10.4,,2,1,0,1,0,0,0,0,0,0,0,0,1,0,0,1,0,0,0,1,0,0,1,0,0,0,0,0,0,0,0,0,0,1,ingenieur_materiaux,terrain,1,1,0,icmp,,2014,technicien_laboratoire,116,4,oui,
rep_synth_0300,professionnel,femme,d,scientifique,9,11,18,7,10,10,15,18,,12.5,18.0,11.0,,3,2,0,1,0,1,0,1,0,0,0,0,1,0,0,0,0,0,0,1,0,0,1,0,1,0,1,0,0,0,0,1,0,1,controleur_qualite,recherche,0,1,1,iaa,,2018,technicien_agroalimentaire,71,5,non,
rep_synth_0115,etudiant,homme,s,scientifique,10,13,13,13,13,11,12,15,,11.5,15.0,12.4,,3,2,0,0,0,1,1,0,0,1,1,0,1,0,0,0,0,0,0,0,0,0,1,0,0,1,1,0,0,0,0,0,0,1,comptable,bureau,1,0,0,fic,m2,0,,,4,oui,
rep_synth_0321,professionnel,homme,ose,economique,7,13,15,14,10,15,,,18,,,11.8,15.7,3,2,1,0,0,1,0,0,0,1,1,0,1,0,0,0,1,0,1,0,0,0,1,0,0,1,0,0,0,0,0,1,1,0,gestionnaire_tourisme,relationnel,0,1,0,tee,,2018,ecoguide,58,4,non,
rep_synth_0302,professionnel,homme,s,scientifique,5,15,9,13,6,17,13,14,,15.0,14.0,9.6,,1,1,1,0,1,1,1,0,0,0,0,0,1,1,1,0,0,0,0,1,0,1,1,0,0,0,1,0,0,0,1,0,1,1,developpeur,bureau,1,1,1,isaia,,2010,ingenieur_ml,176,5,oui,
rep_synth_0212,etudiant,homme,s,scientifique,5,11,11,11,11,15,14,14,,14.5,14.0,9.8,,2,1,1,1,0,1,0,0,0,0,0,0,1,0,0,1,0,0,0,1,0,0,1,0,0,0,1,0,0,0,0,0,0,0,chef_de_projet_multimedia,terrain,0,1,1,icmp,m2,0,,,4,oui,
rep_synth_0148,etudiant,homme,d,scientifique,12,6,12,13,8,16,15,17,,15.5,17.0,10.2,,3,2,1,1,1,0,0,0,0,0,0,0,1,1,0,1,0,0,0,0,0,1,1,0,0,0,1,0,0,0,0,0,1,1,developpeur,bureau,1,1,1,esii,m2,0,,,5,oui,
rep_synth_0167,etudiant,homme,a1,litteraire,17,15,17,17,17,5,,,,,,16.6,,4,3,0,0,0,0,1,0,1,0,0,0,0,0,1,0,0,0,0,0,0,0,0,0,0,0,0,1,0,0,0,1,1,1,juriste,relationnel,1,1,0,dtja,l1,0,,,4,oui,
rep_synth_0020,etudiant,homme,a1,litteraire,18,14,14,11,17,9,,,,,,14.8,,4,3,0,0,0,1,1,0,0,0,1,0,0,0,1,0,1,0,1,0,0,0,0,0,0,0,1,0,0,0,0,0,1,1,technicien_superieur,terrain,0,1,0,tee,m2,0,,,4,oui,
rep_synth_0152,etudiant,femme,a1,litteraire,15,17,17,19,17,9,,,,,,17.0,,5,4,0,0,0,0,1,0,0,0,1,0,0,0,1,0,1,0,1,0,0,0,0,0,0,0,0,0,0,0,0,1,0,1,directeur_hotel,terrain,0,1,0,teh,m1,0,,,5,oui,
rep_synth_0392,professionnel,homme,s,scientifique,12,5,14,13,11,17,17,15,,17.0,15.0,11.0,,3,2,1,1,0,1,0,0,0,0,0,0,1,0,0,1,0,0,0,0,0,0,1,0,0,0,1,0,0,0,0,1,1,1,agronome,laboratoire,0,1,1,aee,,2015,agronome,113,5,oui,
rep_synth_0334,professionnel,homme,s,scientifique,10,15,11,9,12,20,15,12,,17.5,12.0,11.4,,3,2,1,1,1,0,1,0,0,0,0,0,1,1,1,1,0,0,0,0,0,1,1,0,0,0,0,0,0,0,1,0,0,0,developpeur,recherche,1,1,1,esii,,2009,ingenieur_electronique,171,5,oui,
rep_synth_0083,etudiant,femme,a1,litteraire,16,18,16,12,16,11,,,,,,15.6,,4,3,0,0,0,0,1,0,0,0,1,0,0,0,1,0,1,0,1,0,0,0,0,0,0,0,0,1,0,0,0,0,1,0,directeur_hotel,terrain,0,1,0,teh,m1,0,,,5,oui,
rep_synth_0033,etudiant,femme,a1,litteraire,14,16,17,12,16,13,,,,,,15.0,,4,3,0,0,0,0,1,0,0,1,0,0,0,0,1,0,1,0,1,0,0,0,0,0,0,1,0,0,0,0,1,0,0,0,charge_affaires,bureau,0,1,0,caa,l1,0,,,5,oui,
rep_synth_0127,etudiant,femme,c,scientifique,13,8,7,9,13,17,16,15,,16.5,15.0,10.0,,3,2,1,1,0,1,0,0,0,0,0,0,1,0,0,1,0,0,0,1,0,0,1,0,0,0,1,0,0,0,1,0,0,0,developpeur,terrain,0,0,1,aee,m2,0,,,5,oui,
rep_synth_0121,etudiant,homme,d,scientifique,6,10,6,11,12,10,15,15,,12.5,15.0,9.0,,2,1,0,1,0,1,0,0,0,0,0,0,1,0,0,0,0,0,0,0,0,0,1,0,0,0,1,0,0,0,0,1,0,1,technicien_laboratoire,terrain,0,0,0,icmp,m2,0,,,4,oui,
rep_synth_0241,etudiant,femme,s,scientifique,10,11,7,9,17,17,12,12,,14.5,12.0,10.8,,2,1,1,0,1,0,0,0,0,0,0,0,1,1,0,0,0,0,0,1,0,0,1,0,0,0,0,0,0,0,1,0,1,0,developpeur,bureau,1,0,1,isaia,m2,0,,,5,oui,
rep_synth_0041,etudiant,femme,l,litteraire,13,15,16,18,9,9,,,,,,14.2,,3,2,0,0,0,1,1,0,1,0,0,0,0,0,1,0,0,0,0,0,0,0,0,0,0,0,0,1,0,0,0,1,0,0,technicien_production_vegetale,relationnel,0,1,0,dtja,l1,0,,,3,non,
rep_synth_0068,etudiant,femme,s,scientifique,12,16,11,6,9,17,17,14,,17.0,14.0,10.8,,3,2,1,1,1,1,1,0,0,1,0,0,1,0,1,0,0,1,0,0,0,0,1,0,0,0,1,0,0,0,0,1,0,0,conducteur_travaux,terrain,1,1,1,gca,m2,0,,,4,oui,
rep_synth_0025,etudiant,homme,c,scientifique,9,11,7,6,6,17,18,11,,17.5,11.0,7.8,,1,1,1,1,0,0,0,0,0,0,1,0,1,0,0,1,0,0,0,1,0,0,1,0,0,0,0,0,0,0,1,0,0,0,ingenieur_materiaux,terrain,0,1,0,icmp,m2,0,,,5,oui,
rep_synth_0113,etudiant,homme,s,scientifique,9,11,6,4,12,18,12,14,,15.0,14.0,8.4,,2,1,1,1,1,1,0,0,0,0,1,0,1,0,0,1,0,1,0,0,0,0,1,1,0,0,1,0,0,0,1,0,1,0,responsable_restauration,recherche,1,1,1,gca,m1,0,,,5,non,
rep_synth_0227,etudiant,homme,c,scientifique,10,9,15,10,7,17,18,11,,17.5,11.0,10.2,,3,2,1,1,0,0,1,0,0,1,0,0,1,0,0,0,0,0,0,1,0,0,1,0,0,1,0,0,0,0,1,0,1,0,chef_de_projet,relationnel,0,1,1,fic,l2,0,,,3,non,
rep_synth_0244,etudiant,homme,ose,economique,10,18,12,16,11,16,,,16,,,13.4,16.0,4,3,1,0,0,0,1,0,0,1,1,0,0,0,1,0,1,0,1,0,0,0,1,0,0,0,0,1,0,0,0,1,0,0,horticulteur,terrain,0,0,0,teh,l2,0,,,4,oui,
rep_synth_0375,professionnel,femme,s,scientifique,12,12,13,8,18,18,14,11,,16.0,11.0,12.6,,3,2,1,1,1,0,0,0,0,0,1,0,1,1,0,0,0,0,0,1,0,1,1,0,0,0,0,0,0,0,0,0,0,0,developpeur,recherche,1,1,1,isaia,,2016,data_scientist,96,5,oui,
rep_synth_0342,professionnel,femme,d,scientifique,6,13,10,9,10,14,9,18,,11.5,18.0,9.6,,2,1,1,0,1,1,0,0,0,0,1,0,1,1,1,0,0,1,0,0,0,1,1,1,0,0,1,0,0,0,0,0,0,1,developpeur_web,recherche,1,1,1,imticia,,2018,developpeur_web,77,5,oui,
rep_synth_0378,professionnel,homme,d,scientifique,0,12,14,10,11,18,15,17,,16.5,17.0,9.4,,3,2,1,1,1,0,0,0,0,0,0,0,1,1,0,0,0,0,0,0,0,1,1,0,0,0,1,0,0,0,1,0,0,0,analyste_financier,terrain,1,1,1,emii,,2008,data_scientist,25,2,non,
rep_synth_0162,etudiant,homme,ose,economique,10,16,11,11,11,13,,,20,,,11.8,14.7,3,2,1,0,1,0,1,0,0,1,0,0,0,1,1,0,0,0,1,0,0,1,0,0,0,1,0,0,0,0,1,0,1,1,chef_de_projet,bureau,1,1,0,iggia,m2,0,,,5,oui,
rep_synth_0343,professionnel,homme,a2,litteraire,12,14,11,11,11,6,,,,,,11.8,,1,1,1,0,0,1,0,0,0,0,1,0,0,0,1,0,1,0,1,0,0,0,0,0,0,0,0,0,0,0,0,0,0,1,ecoguide,relationnel,1,1,0,tee,,2012,gestionnaire_tourisme,119,4,non,
rep_synth_0338,professionnel,femme,ose,economique,12,9,12,13,12,16,,,16,,,11.6,15.0,3,2,1,0,1,0,1,0,0,1,0,0,1,0,0,0,1,0,1,0,0,1,1,0,0,1,0,0,0,0,1,0,1,1,consultant,bureau,1,1,1,iggia,,2010,comptable,151,4,oui,
rep_synth_0387,professionnel,homme,d,scientifique,7,12,9,10,7,13,15,15,,14.0,15.0,9.0,,1,1,1,1,0,1,0,0,0,0,0,0,1,1,0,1,0,0,0,0,0,1,1,0,0,0,1,0,0,0,0,0,1,0,ingenieur_maintenance,recherche,1,1,0,emii,,2021,technicien_superieur,54,5,oui,
rep_synth_0251,etudiant,homme,a2,litteraire,16,13,12,15,11,11,,,,,,13.4,,3,2,0,0,0,1,0,0,0,0,1,0,0,0,0,0,1,0,1,0,0,0,0,0,0,0,1,0,0,0,0,0,0,1,gestionnaire_tourisme,relationnel,0,1,0,tee,l2,0,,,4,non,
rep_synth_0294,professionnel,homme,s,scientifique,10,12,10,11,7,13,17,16,,15.0,16.0,10.0,,3,2,0,1,0,1,1,0,0,0,0,0,1,0,0,0,0,0,0,0,0,0,1,0,0,0,1,0,0,0,0,0,1,0,environnementaliste,recherche,0,1,1,aee,,2020,environnementaliste,43,5,oui,
rep_synth_0357,professionnel,homme,a2,litteraire,16,12,13,14,16,8,,,,,,14.2,,3,2,0,0,0,1,0,0,0,0,1,0,0,0,0,0,1,0,1,0,0,0,0,0,0,0,1,0,0,0,0,0,0,1,ecoguide,relationnel,1,1,1,tee,,2014,gestionnaire_tourisme,88,4,oui,
rep_synth_0163,etudiant,femme,l,litteraire,14,15,12,14,15,8,,,,,,14.0,,3,2,0,0,0,0,1,0,1,0,0,0,0,0,1,0,0,0,0,1,0,0,0,0,0,0,0,0,0,0,0,1,0,0,assistant_juridique,relationnel,0,0,0,dtja,l2,0,,,4,oui,
rep_synth_0125,etudiant,homme,a2,litteraire,12,11,19,19,11,10,,,,,,14.4,,4,3,0,0,0,0,1,0,1,0,0,0,0,0,1,0,0,0,0,1,0,0,0,0,0,0,0,1,0,0,1,1,0,1,juriste,bureau,0,1,0,dtja,m2,0,,,4,oui,
rep_synth_0346,professionnel,femme,c,scientifique,12,7,16,14,6,15,19,17,,17.0,17.0,11.0,,3,2,1,1,0,1,0,0,0,0,0,0,1,0,0,0,0,0,0,1,0,0,1,0,1,0,1,0,0,0,0,1,0,0,controleur_qualite,recherche,1,1,0,iaa,,2020,technicien_agroalimentaire,47,5,oui,
rep_synth_0247,etudiant,homme,s,scientifique,6,10,7,16,13,15,14,14,,14.5,14.0,10.4,,1,1,1,1,0,1,0,0,0,0,0,0,1,0,0,1,0,0,0,1,0,0,1,0,0,0,1,0,0,0,0,0,0,0,horticulteur,laboratoire,1,1,1,pip,m1,0,,,5,oui,
rep_synth_0263,professionnel,femme,c,scientifique,12,7,18,11,16,18,16,11,,17.0,11.0,12.8,,4,3,1,1,0,0,1,0,0,1,0,0,1,0,0,0,0,0,1,0,0,0,1,0,0,1,0,0,0,0,1,1,0,0,comptable,relationnel,0,1,1,fic,,2016,analyste_financier,119,4,oui,
rep_synth_0190,etudiant,homme,ose,economique,16,11,7,11,14,14,,,15,,,11.8,13.3,3,2,1,0,0,1,0,0,0,1,1,0,1,0,0,0,1,0,1,0,0,0,1,0,0,1,1,0,0,0,0,1,0,0,ecoguide,relationnel,1,1,1,tee,l2,0,,,4,oui,
rep_synth_0369,professionnel,homme,d,scientifique,14,9,13,17,10,12,13,20,,12.5,20.0,12.6,,4,3,0,1,0,1,0,0,0,0,0,0,0,0,0,1,0,0,0,1,0,0,1,0,0,0,0,0,0,0,1,0,1,1,controleur_qualite,laboratoire,0,0,0,iaa,,2020,technicien_agroalimentaire,56,4,oui,
rep_synth_0087,etudiant,homme,c,scientifique,14,14,7,14,6,19,17,16,,18.0,16.0,11.0,,3,2,1,1,1,1,1,0,0,0,1,0,1,1,1,0,0,1,0,0,0,1,1,0,0,0,0,0,0,0,0,1,0,0,chef_de_projet_multimedia,bureau,1,0,1,imticia,m1,0,,,5,oui,
rep_synth_0070,etudiant,femme,c,scientifique,12,7,10,13,8,19,17,7,,18.0,7.0,10.0,,1,1,1,1,1,0,0,0,0,0,0,0,1,1,0,0,0,0,0,0,0,1,1,0,0,0,0,0,0,0,0,0,1,0,data_scientist,recherche,1,0,1,isaia,m1,0,,,5,oui,
rep_synth_0292,professionnel,femme,a1,litteraire,13,15,16,12,14,10,,,,,,14.0,,3,2,0,0,0,0,1,0,0,1,0,0,0,0,1,0,0,0,0,1,0,0,0,0,0,1,0,0,0,0,1,0,0,0,economiste,bureau,0,1,0,emp,,2014,charge_etudes,43,3,oui,
rep_synth_0098,etudiant,femme,c,scientifique,11,10,14,12,6,19,16,13,,17.5,13.0,10.6,,3,2,1,1,1,0,0,0,0,0,0,0,1,0,0,1,0,1,0,0,0,0,0,1,0,0,0,0,0,0,0,1,1,0,conducteur_travaux,recherche,1,1,1,gca,m2,0,,,5,oui,
rep_synth_0383,professionnel,femme,c,scientifique,14,8,10,9,9,19,17,7,,18.0,7.0,10.0,,1,1,1,1,0,0,1,0,0,0,0,0,1,0,0,1,0,0,0,0,0,1,1,0,0,0,0,0,0,0,1,1,0,1,ingenieur_ml,bureau,1,1,0,emii,,2013,technicien_superieur,154,4,oui,
rep_synth_0284,professionnel,homme,d,scientifique,6,10,10,12,7,17,14,17,,15.5,17.0,9.0,,1,1,1,1,0,1,1,0,0,0,0,0,1,0,0,1,0,1,0,0,0,0,1,1,0,0,1,0,0,0,0,0,1,1,ingenieur_genie_civil,recherche,1,1,1,gca,,2009,conducteur_travaux,174,5,oui,
rep_synth_0180,etudiant,homme,a1,litteraire,16,13,16,15,15,11,,,,,,15.0,,4,3,0,0,0,1,0,0,0,0,1,0,0,0,0,0,1,0,0,0,0,0,0,0,0,0,1,0,0,0,0,0,0,0,ecoguide,relationnel,0,1,1,tee,l3,0,,,4,oui,
rep_synth_0101,etudiant,homme,d,scientifique,12,11,7,7,14,12,15,15,,13.5,15.0,10.2,,2,1,1,1,1,1,0,0,0,1,0,0,1,1,0,0,1,0,1,0,0,1,1,0,0,1,1,0,0,0,0,0,0,0,developpeur,bureau,1,1,0,iggia,m2,0,,,5,oui,
rep_synth_0285,professionnel,femme,ose,economique,11,7,12,10,6,10,,,15,,,9.2,11.7,1,1,0,0,0,1,0,0,0,1,1,0,0,0,0,0,1,0,1,0,0,0,0,0,0,1,1,0,0,0,0,1,1,1,gestionnaire_tourisme,relationnel,0,0,0,tee,,2008,gestionnaire_tourisme,164,4,oui,
rep_synth_0103,etudiant,femme,c,scientifique,6,10,8,11,8,15,19,12,,17.0,12.0,8.6,,1,1,1,1,0,0,0,0,0,0,0,0,1,0,0,1,0,0,0,1,0,0,1,0,0,0,0,0,0,0,1,0,0,0,technicien_laboratoire,terrain,0,0,1,icmp,l3,0,,,5,oui,
rep_synth_0071,etudiant,homme,c,scientifique,8,10,12,15,15,19,20,4,,19.5,4.0,12.0,,3,2,1,1,1,0,0,0,0,0,0,0,1,1,0,1,0,0,0,0,0,0,1,0,0,0,0,0,0,0,1,0,0,1,technicien_superieur,bureau,1,0,1,emii,l2,0,,,5,oui,
rep_synth_0004,etudiant,femme,d,scientifique,15,11,9,3,10,10,15,20,,12.5,20.0,9.6,,1,1,0,1,0,1,0,0,0,0,0,0,1,0,0,1,0,0,0,1,0,0,1,0,0,0,1,0,0,0,0,0,0,1,chef_de_projet_multimedia,recherche,1,0,0,pip,m2,0,,,4,non,
rep_synth_0044,etudiant,homme,d,scientifique,10,9,4,8,6,11,14,16,,12.5,16.0,7.4,,2,1,0,1,0,1,0,0,0,0,0,0,0,0,0,1,0,0,0,0,0,0,1,0,0,0,1,0,0,0,1,1,0,0,technicien_laboratoire,recherche,0,0,0,icmp,l2,0,,,4,oui,
rep_synth_0140,etudiant,femme,s,scientifique,11,12,12,8,13,15,16,13,,15.5,13.0,11.2,,3,2,1,1,1,0,0,0,0,0,0,0,1,1,0,1,0,0,0,0,0,1,1,0,0,0,0,0,0,0,1,0,0,0,ingenieur_electronique,recherche,1,1,1,esii,l2,0,,,5,oui,
rep_synth_0289,professionnel,femme,l,litteraire,13,12,17,12,13,10,,,,,,13.4,,3,2,0,0,0,0,1,0,0,1,0,0,0,0,1,0,1,0,1,0,0,0,0,0,0,1,0,1,0,0,0,0,1,0,charge_affaires,bureau,1,1,0,caa,,2020,commercial_export,59,5,oui,
rep_synth_0226,etudiant,homme,s,scientifique,9,15,12,14,5,19,15,8,,17.0,8.0,11.0,,3,2,1,1,1,0,1,0,0,1,0,0,1,1,1,0,0,0,1,0,0,1,1,0,0,1,0,0,0,0,1,1,0,0,consultant,bureau,1,0,1,iggia,l2,0,,,5,oui,
rep_synth_0128,etudiant,femme,c,scientifique,7,10,9,10,9,18,13,3,,15.5,3.0,9.0,,2,1,1,0,1,0,0,0,0,0,0,0,1,1,0,0,0,0,0,1,0,1,1,0,0,0,0,0,0,0,1,0,0,0,developpeur,recherche,1,0,1,isaia,m2,0,,,5,oui,
rep_synth_0373,professionnel,homme,s,scientifique,14,19,11,11,13,14,14,12,,14.0,12.0,13.6,,4,3,1,1,1,0,1,0,0,0,1,0,1,1,1,0,0,1,0,0,0,0,1,1,0,0,0,0,0,0,0,0,0,1,technicien_production_vegetale,bureau,1,1,1,imticia,,2020,chef_de_projet_multimedia,59,5,oui,
rep_synth_0322,professionnel,femme,c,scientifique,16,12,11,11,8,16,18,14,,17.0,14.0,11.6,,3,2,1,1,0,1,0,0,0,0,0,0,1,0,0,1,0,0,0,0,0,0,1,0,1,0,1,0,0,0,0,1,0,0,responsable_restauration,laboratoire,0,0,1,iaa,,2008,technicien_agroalimentaire,130,5,oui,
rep_synth_0398,professionnel,homme,c,scientifique,8,11,13,10,6,18,15,8,,16.5,8.0,9.6,,2,1,1,0,0,0,1,0,0,1,0,0,1,0,0,0,0,0,1,1,0,0,1,0,0,1,0,0,0,0,1,0,1,0,comptable,bureau,0,1,1,fic,,2013,analyste_financier,95,4,oui,
rep_synth_0315,professionnel,homme,d,scientifique,10,8,18,9,10,17,16,15,,16.5,15.0,11.0,,3,2,1,1,1,0,0,0,0,0,0,0,1,1,0,1,0,0,0,0,0,1,1,0,0,0,1,0,0,0,0,1,1,0,developpeur,bureau,1,1,1,esii,,2015,ecoguide,98,4,oui,
rep_synth_0210,etudiant,homme,a2,litteraire,9,16,14,18,14,9,,,,,,14.2,,3,2,0,0,0,0,1,0,1,0,0,0,0,0,1,0,0,0,0,1,0,0,0,0,0,0,0,1,0,0,1,0,0,0,assistant_juridique,relationnel,0,1,0,dtja,m1,0,,,4,oui,
rep_synth_0053,etudiant,femme,s,scientifique,10,10,13,13,7,16,16,13,,16.0,13.0,10.6,,3,2,1,1,0,1,0,0,0,0,0,0,1,0,0,1,0,0,0,1,0,0,1,0,0,0,1,0,0,0,0,0,0,0,data_scientist,terrain,0,1,0,aee,m2,0,,,4,non,
rep_synth_0380,professionnel,homme,ose,economique,10,15,11,15,8,13,,,20,,,11.8,16.0,3,2,0,0,0,0,1,0,0,1,0,0,0,0,0,0,0,0,1,0,0,0,0,0,0,1,0,0,0,0,0,1,1,0,charge_etudes,relationnel,0,1,0,emp,,2018,economiste,67,4,oui,
rep_synth_0089,etudiant,femme,c,scientifique,8,9,10,7,12,19,14,12,,16.5,12.0,9.2,,1,1,1,1,0,0,0,0,0,0,1,0,1,0,0,1,0,1,0,0,0,0,1,1,0,0,0,0,0,0,0,0,1,1,ingenieur_genie_civil,bureau,1,1,1,gca,l3,0,,,5,oui,
rep_synth_0001,etudiant,femme,c,scientifique,10,12,15,14,6,18,19,11,,18.5,11.0,11.4,,3,2,1,1,1,0,0,0,0,0,0,0,1,1,0,1,0,0,0,0,0,1,1,0,0,0,0,0,0,0,0,0,1,0,juriste,terrain,1,1,1,emii,m2,0,,,5,oui,
rep_synth_0073,etudiant,homme,d,scientifique,11,11,11,12,15,17,11,16,,14.0,16.0,12.0,,3,2,1,1,1,1,0,0,0,0,0,0,1,1,0,1,0,0,0,0,0,1,1,0,0,0,1,0,0,0,1,0,0,0,ingenieur_electronique,bureau,1,1,1,esii,l3,0,,,5,oui,
rep_synth_0326,professionnel,femme,d,scientifique,18,13,9,13,7,12,10,19,,11.0,19.0,12.0,,3,2,0,0,0,1,0,0,0,0,0,0,0,0,0,1,0,0,0,1,0,0,1,0,0,0,1,0,0,0,1,0,1,0,horticulteur,recherche,1,0,0,pip,,2011,horticulteur,143,5,oui,
rep_synth_0036,etudiant,homme,d,scientifique,7,6,13,9,8,14,12,17,,13.0,17.0,8.6,,2,1,1,0,1,1,0,0,0,0,0,0,1,0,0,0,0,0,0,1,0,1,1,0,0,0,0,0,0,0,0,0,0,1,juriste,recherche,1,1,1,isaia,m2,0,,,4,oui,
rep_synth_0063,etudiant,femme,s,scientifique,9,11,8,12,9,15,16,16,,15.5,16.0,9.8,,3,2,1,1,0,1,1,0,0,0,0,0,1,0,0,1,0,0,0,1,0,0,1,0,1,0,0,0,0,0,0,0,0,0,controleur_qualite,recherche,0,1,1,iaa,l3,0,,,5,oui,
rep_synth_0093,etudiant,homme,ose,economique,10,16,11,12,10,12,,,18,,,11.8,14.0,3,2,0,0,0,1,1,0,0,1,0,0,0,0,1,0,0,0,1,1,0,0,0,0,0,1,0,0,0,0,0,0,0,1,economiste,bureau,0,0,0,emp,l1,0,,,4,oui,
rep_synth_0084,etudiant,femme,d,scientifique,6,11,14,13,12,17,13,17,,15.0,17.0,11.2,,3,2,1,1,0,0,1,0,0,0,0,0,1,0,0,1,0,0,0,1,0,0,1,0,0,0,1,0,0,0,1,0,0,0,ingenieur_maintenance,bureau,0,1,1,icmp,m2,0,,,3,oui,
rep_synth_0057,etudiant,femme,s,scientifique,9,8,10,13,8,17,15,16,,16.0,16.0,9.6,,3,2,1,1,1,1,0,0,0,0,0,0,1,1,0,0,0,0,0,1,0,1,1,0,0,0,1,0,0,0,0,0,0,0,ingenieur_electronique,bureau,1,1,1,isaia,l2,0,,,5,non,
rep_synth_0355,professionnel,femme,s,scientifique,15,14,8,10,11,16,15,14,,15.5,14.0,11.6,,3,2,1,1,1,1,1,0,0,0,0,0,1,0,1,1,0,1,0,0,0,0,1,1,0,0,0,0,0,0,1,1,1,1,conducteur_travaux,recherche,1,1,1,gca,,2013,ingenieur_genie_civil,125,5,oui,
rep_synth_0059,etudiant,homme,c,scientifique,9,9,14,9,9,19,18,12,,18.5,12.0,10.0,,3,2,1,0,1,0,0,0,0,0,1,0,1,1,1,0,0,1,0,0,0,1,1,1,0,0,0,0,0,0,0,0,0,0,developpeur_web,bureau,1,1,1,imticia,m2,0,,,5,oui,
rep_synth_0168,etudiant,homme,ose,economique,12,12,14,14,12,13,,,16,,,12.8,14.3,3,2,0,0,0,0,1,0,0,1,0,0,0,0,1,0,0,0,1,0,0,0,0,0,0,1,0,1,0,0,1,0,1,0,responsable_restauration,bureau,1,1,1,caa,l3,0,,,4,oui,
rep_synth_0273,professionnel,homme,s,scientifique,15,11,15,10,11,16,12,12,,14.0,12.0,12.4,,3,2,1,0,1,0,0,0,0,0,1,0,0,1,1,0,0,0,0,0,0,1,1,1,0,0,0,0,0,0,0,0,0,0,developpeur_web,bureau,1,1,1,imticia,,2011,developpeur_web,168,5,oui,
rep_synth_0231,etudiant,femme,a2,litteraire,13,15,14,11,16,9,,,,,,13.8,,3,2,0,0,0,0,1,0,0,1,0,0,0,0,0,0,0,0,1,1,0,0,0,0,0,0,0,0,0,0,0,1,0,0,chef_de_projet,bureau,0,1,0,emp,l3,0,,,2,oui,
rep_synth_0114,etudiant,femme,a2,litteraire,16,15,11,15,14,10,,,,,,14.2,,4,3,0,0,0,0,0,0,0,0,1,0,0,0,1,0,1,0,1,0,0,0,0,0,0,0,0,1,0,0,1,0,1,1,responsable_restauration,relationnel,0,0,1,teh,l2,0,,,5,oui,
rep_synth_0008,etudiant,femme,a2,litteraire,9,15,14,14,12,7,,,,,,12.8,,1,1,0,0,0,0,1,0,0,1,0,0,0,0,1,0,0,0,0,0,0,0,0,0,0,1,0,0,0,0,1,0,0,0,economiste,bureau,0,1,1,emp,m2,0,,,2,non,
rep_synth_0400,professionnel,femme,c,scientifique,11,9,10,6,10,16,18,11,,17.0,11.0,9.2,,2,1,0,1,0,1,0,0,0,0,0,0,1,0,0,1,0,0,0,1,0,0,1,0,1,0,0,0,0,0,1,0,1,1,ecoguide,recherche,0,0,1,iaa,,2020,technicien_agroalimentaire,48,5,oui,
rep_synth_0118,etudiant,femme,d,scientifique,7,10,9,9,14,12,16,15,,14.0,15.0,9.8,,2,1,1,1,1,1,0,0,0,0,1,0,1,0,0,0,0,1,0,0,0,0,1,1,0,0,1,0,0,0,1,1,1,0,ingenieur_genie_civil,bureau,1,1,1,gca,l3,0,,,5,oui,
rep_synth_0031,etudiant,femme,d,scientifique,14,14,14,8,11,9,15,18,,12.0,18.0,12.2,,3,2,0,1,0,1,1,0,0,0,0,0,1,0,1,1,0,0,0,1,0,0,1,0,0,0,1,0,0,0,0,0,1,0,juriste,recherche,1,1,1,icmp,l3,0,,,4,oui,
rep_synth_0102,etudiant,femme,d,scientifique,14,13,4,10,5,12,16,18,,14.0,18.0,9.2,,2,1,0,1,0,1,0,1,0,0,0,0,1,0,0,1,0,0,0,1,0,0,0,0,0,0,1,0,0,0,0,0,0,0,ingenieur_ml,bureau,0,1,0,icmp,l3,0,,,3,oui,
rep_synth_0325,professionnel,homme,c,scientifique,12,10,11,14,13,18,15,18,,16.5,18.0,12.0,,4,3,1,1,0,1,0,0,0,0,1,0,1,0,0,1,0,0,0,0,0,0,1,0,0,0,1,0,0,0,1,0,0,1,horticulteur,laboratoire,0,1,1,pip,,2021,ingenieur_genie_civil,55,4,oui,
rep_synth_0256,etudiant,femme,l,litteraire,14,17,15,14,17,5,,,,,,15.4,,4,3,0,0,0,0,1,0,0,1,0,0,0,0,1,0,1,0,1,0,0,0,0,0,0,0,0,0,0,0,0,1,0,1,charge_affaires,bureau,0,1,0,caa,m2,0,,,4,oui,
rep_synth_0143,etudiant,femme,s,scientifique,13,10,11,14,12,18,13,10,,15.5,10.0,12.0,,3,2,1,0,1,0,0,0,0,1,0,0,0,1,0,0,1,0,1,0,0,1,1,0,0,1,0,0,0,0,1,1,0,1,developpeur,recherche,1,1,1,iggia,l1,0,,,5,oui,
rep_synth_0170,etudiant,homme,s,scientifique,10,18,14,9,13,18,16,14,,17.0,14.0,12.8,,4,3,1,1,1,1,1,0,0,0,0,0,1,1,1,1,0,0,0,0,0,1,1,0,0,0,0,0,0,0,0,0,0,1,technicien_superieur,terrain,1,1,1,emii,m1,0,,,5,oui,
rep_synth_0246,etudiant,femme,d,scientifique,14,10,10,7,10,15,13,16,,14.0,16.0,10.2,,1,1,1,0,1,1,0,0,0,0,1,0,0,0,0,1,0,1,0,0,0,0,1,0,0,0,1,0,0,0,1,1,0,0,ingenieur_genie_civil,terrain,1,0,0,gca,m1,0,,,4,oui,
rep_synth_0015,etudiant,femme,d,scientifique,12,14,14,12,11,15,12,17,,13.5,17.0,12.6,,3,2,1,0,0,1,1,0,0,0,0,0,1,0,0,1,0,0,0,1,0,0,1,0,0,0,1,0,0,0,1,0,1,1,developpeur,terrain,0,1,0,aee,l1,0,,,4,non,
rep_synth_0144,etudiant,femme,a1,litteraire,17,18,16,11,16,7,,,,,,15.6,,4,3,0,0,0,0,1,0,0,0,1,0,0,0,1,0,1,0,1,0,0,0,0,0,0,0,0,1,0,0,0,0,0,0,responsable_restauration,relationnel,0,1,0,teh,m1,0,,,5,oui,
rep_synth_0366,professionnel,femme,a1,litteraire,14,14,17,15,15,14,,,,,,15.0,,4,3,0,0,1,0,1,0,0,1,0,0,1,0,1,0,0,0,1,1,0,0,1,0,0,1,0,0,0,0,1,0,0,1,economiste,bureau,0,1,1,emp,,2015,charge_etudes,113,5,non,
rep_synth_0208,etudiant,homme,s,scientifique,8,13,16,8,13,14,13,12,,13.5,12.0,11.6,,3,2,1,0,0,0,1,0,0,1,0,0,1,0,0,0,0,0,1,1,0,0,1,0,0,1,0,0,0,0,0,1,0,1,analyste_financier,bureau,0,1,1,fic,l3,0,,,4,oui,
rep_synth_0337,professionnel,femme,ose,economique,11,16,11,12,10,12,,,18,,,12.0,14.0,3,2,0,0,0,0,1,0,0,1,0,0,1,0,1,0,0,0,1,1,0,0,0,0,0,1,0,0,0,0,0,0,0,1,comptable,bureau,0,1,1,fic,,2011,ingenieur_ml,84,3,oui,
rep_synth_0359,professionnel,femme,d,scientifique,10,12,8,5,9,13,13,16,,13.0,16.0,8.8,,2,1,0,0,1,1,0,0,0,0,1,0,0,0,1,0,0,1,0,0,0,1,1,0,0,0,1,0,0,0,0,0,0,0,chef_de_projet_multimedia,recherche,1,1,0,imticia,,2009,horticulteur,74,1,non,
rep_synth_0235,etudiant,femme,c,scientifique,4,11,11,14,9,18,13,14,,15.5,14.0,9.8,,2,1,1,0,1,1,0,0,0,0,1,0,1,1,0,0,0,1,0,0,0,1,1,0,0,0,1,0,0,0,1,0,0,0,developpeur_web,bureau,1,1,0,imticia,m1,0,,,5,oui,
rep_synth_0393,professionnel,femme,s,scientifique,14,14,11,13,12,18,17,11,,17.5,11.0,12.8,,4,3,1,1,1,0,1,0,0,0,0,0,1,0,1,0,0,0,0,0,0,0,1,0,0,0,0,0,0,0,1,0,0,0,developpeur,bureau,1,0,1,esii,,2009,ingenieur_electronique,138,4,oui,
rep_synth_0324,professionnel,femme,d,scientifique,6,13,5,8,16,14,14,19,,14.0,19.0,9.6,,1,1,1,1,0,1,0,0,0,0,0,0,1,0,0,1,0,0,0,1,0,0,1,0,1,0,1,0,0,0,0,1,0,0,technicien_agroalimentaire,laboratoire,0,0,1,iaa,,2018,controleur_qualite,80,5,oui,
rep_synth_0028,etudiant,homme,d,scientifique,7,8,6,12,9,14,13,16,,13.5,16.0,8.4,,2,1,1,0,1,1,0,0,0,1,0,0,1,1,0,0,1,0,0,0,0,1,1,0,0,1,0,0,0,0,0,0,0,0,consultant,recherche,1,0,1,iggia,l3,0,,,4,oui,
rep_synth_0049,etudiant,femme,s,scientifique,13,15,18,12,10,17,16,13,,16.5,13.0,13.6,,4,3,1,1,1,0,1,0,0,0,0,0,1,1,1,1,0,0,0,0,0,1,1,0,0,0,0,0,0,0,1,0,0,1,comptable,bureau,1,1,1,esii,l2,0,,,5,oui,
rep_synth_0045,etudiant,homme,a1,litteraire,16,15,19,14,15,13,,,,,,15.8,,5,4,0,0,0,0,1,0,0,1,0,0,0,0,1,0,1,0,1,0,0,0,0,0,0,1,0,1,0,0,0,0,1,0,charge_affaires,bureau,0,1,0,caa,l2,0,,,5,oui,
rep_synth_0305,professionnel,homme,c,scientifique,6,8,9,10,18,19,17,13,,18.0,13.0,10.2,,3,2,1,1,1,0,0,1,0,0,0,0,1,1,0,1,0,0,0,0,0,0,1,0,0,0,0,0,0,0,1,0,0,1,technicien_superieur,terrain,1,1,1,emii,,2012,ingenieur_maintenance,106,5,oui,
rep_synth_0159,etudiant,homme,d,scientifique,12,4,10,10,11,13,14,17,,13.5,17.0,9.4,,1,1,1,1,1,1,0,0,0,1,0,0,1,1,0,0,1,0,1,0,0,0,1,0,0,1,1,0,0,0,0,0,1,0,developpeur,recherche,1,1,0,iggia,l3,0,,,5,oui,
rep_synth_0330,professionnel,femme,d,scientifique,10,6,13,14,12,16,8,15,,12.0,15.0,11.0,,1,1,1,0,1,1,0,0,0,1,0,0,1,1,0,0,1,0,1,0,0,1,1,0,0,0,1,0,0,0,0,1,0,0,developpeur,bureau,1,1,1,iggia,,2009,chef_de_projet,173,5,oui,
rep_synth_0080,etudiant,homme,c,scientifique,5,7,9,5,15,19,20,10,,19.5,10.0,8.2,,1,1,1,0,1,0,0,0,0,0,0,0,1,1,0,1,0,0,0,0,0,1,1,0,0,0,0,0,0,0,1,0,1,1,assistant_juridique,bureau,1,0,1,esii,m2,0,,,5,oui,
rep_synth_0129,etudiant,femme,a2,litteraire,11,18,19,18,12,11,,,,,,15.6,,4,3,0,0,0,0,1,0,1,0,0,0,0,0,1,0,0,0,0,1,0,0,0,0,0,0,0,0,0,0,0,1,1,0,ecoguide,bureau,1,1,0,dtja,l1,0,,,3,oui,
rep_synth_0006,etudiant,homme,a1,litteraire,14,16,19,12,16,13,,,,,,15.4,,5,4,0,0,0,0,1,0,0,1,0,0,0,0,1,0,1,0,1,0,0,0,0,0,0,0,0,1,0,0,0,0,0,0,charge_affaires,relationnel,1,1,0,caa,l3,0,,,5,oui,
rep_synth_0184,etudiant,femme,ose,economique,8,9,12,14,9,12,,,17,,,10.4,14.3,1,1,0,0,0,0,0,0,0,1,0,0,0,0,0,0,0,0,1,1,0,0,0,0,0,1,0,0,0,0,0,0,0,0,horticulteur,bureau,0,1,0,emp,l3,0,,,4,oui,
rep_synth_0236,etudiant,homme,a1,litteraire,13,18,14,11,16,7,,,,,,14.4,,3,2,0,0,0,0,1,0,0,0,1,0,0,0,1,0,1,0,1,0,0,0,0,0,0,0,0,1,0,0,0,0,1,1,ingenieur_ml,relationnel,1,1,0,teh,m1,0,,,4,oui,
rep_synth_0274,professionnel,homme,ose,economique,8,17,16,13,8,20,,,17,,,12.4,16.7,4,3,1,0,1,0,1,0,0,1,0,0,1,1,1,0,1,0,1,0,0,1,1,0,0,1,0,0,0,0,0,1,0,0,chef_de_projet,bureau,1,1,1,iggia,,2013,developpeur,102,5,oui,
rep_synth_0085,etudiant,femme,ose,economique,15,20,17,13,13,14,,,20,,,15.6,15.7,5,4,1,0,0,0,1,0,0,1,0,0,1,0,1,0,0,0,0,0,0,0,1,0,0,1,0,0,0,0,0,0,1,1,charge_etudes,bureau,0,1,1,emp,m1,0,,,4,oui,
rep_synth_0214,etudiant,homme,l,litteraire,13,11,14,17,16,14,,,,,,14.2,,4,3,1,0,0,0,1,0,1,0,0,0,1,0,1,0,0,0,0,1,0,0,1,0,0,0,0,1,0,0,1,0,1,0,assistant_juridique,bureau,0,1,1,dtja,m1,0,,,4,oui,
rep_synth_0358,professionnel,femme,a2,litteraire,13,12,16,19,15,9,,,,,,15.0,,4,3,0,0,0,0,0,0,1,0,0,0,0,0,1,0,0,0,0,1,0,0,0,0,0,0,0,0,0,0,0,0,1,1,juriste,relationnel,0,1,0,dtja,,2013,assistant_juridique,144,4,oui,
rep_synth_0377,professionnel,homme,c,scientifique,10,11,8,11,6,16,18,11,,17.0,11.0,9.2,,2,1,1,1,0,1,0,0,0,0,0,0,1,0,0,0,0,0,0,1,0,0,1,0,1,0,0,0,0,0,1,1,0,0,controleur_qualite,recherche,0,1,0,iaa,,2010,technicien_agroalimentaire,162,5,oui,
rep_synth_0164,etudiant,homme,a1,litteraire,14,20,17,15,17,9,,,,,,16.6,,5,4,0,0,0,0,1,0,1,0,0,0,0,0,1,0,0,0,0,1,0,0,0,0,0,0,0,1,0,0,0,1,0,1,juriste,bureau,0,1,0,dtja,l2,0,,,4,oui,
rep_synth_0299,professionnel,homme,s,scientifique,11,11,6,10,13,14,18,10,,16.0,10.0,10.2,,1,1,0,1,0,0,0,0,0,0,0,0,1,0,0,1,0,0,0,1,0,0,1,0,0,0,0,0,0,0,0,0,0,0,technicien_laboratoire,recherche,0,1,1,icmp,,2013,ingenieur_materiaux,119,5,oui,
rep_synth_0308,professionnel,femme,s,scientifique,13,8,8,9,6,13,15,13,,14.0,13.0,8.8,,2,1,0,1,0,1,0,0,0,0,0,0,1,0,0,0,0,0,0,1,0,0,1,0,1,0,0,0,0,0,1,0,1,0,technicien_agroalimentaire,terrain,0,1,0,iaa,,2017,controleur_qualite,84,5,oui,
rep_synth_0371,professionnel,homme,d,scientifique,11,14,10,16,12,14,19,13,,16.5,13.0,12.6,,4,3,1,1,1,0,1,0,0,0,0,0,1,1,1,1,0,0,0,0,0,1,1,0,0,0,0,0,0,0,0,0,0,0,ingenieur_electronique,bureau,1,1,1,esii,,2009,ingenieur_electronique,192,5,oui,
rep_synth_0138,etudiant,femme,d,scientifique,6,11,15,6,5,10,13,16,,11.5,16.0,8.6,,1,1,0,1,0,1,0,0,0,0,0,0,0,0,0,1,0,0,0,1,0,0,1,0,0,0,1,0,0,0,0,0,1,0,ingenieur_materiaux,bureau,0,1,0,icmp,l3,0,,,4,oui,
rep_synth_0287,professionnel,homme,c,scientifique,15,9,11,9,12,17,17,16,,17.0,16.0,11.2,,3,2,1,1,0,1,0,0,0,0,0,0,1,0,0,0,0,0,0,1,0,0,1,0,1,0,1,0,0,0,0,1,0,0,horticulteur,laboratoire,0,0,1,iaa,,2008,controleur_qualite,155,5,oui,
rep_synth_0195,etudiant,femme,d,scientifique,12,14,11,6,10,17,17,19,,17.0,19.0,10.6,,3,2,1,1,1,1,1,0,0,0,0,0,1,0,1,1,0,0,0,0,0,1,1,0,0,0,1,0,0,0,0,0,0,0,ingenieur_maintenance,bureau,1,1,1,emii,m1,0,,,5,oui,
rep_synth_0134,etudiant,femme,a1,litteraire,13,16,19,12,11,8,,,,,,14.2,,3,2,0,0,0,0,1,0,0,1,0,0,0,0,1,0,1,0,0,0,0,0,0,0,0,1,0,0,0,0,1,1,0,0,ingenieur_genie_civil,bureau,0,1,0,caa,m1,0,,,4,oui,
rep_synth_0023,etudiant,femme,a2,litteraire,12,15,16,13,16,6,,,,,,14.4,,3,2,0,0,0,0,1,0,0,0,1,0,0,0,1,0,1,0,0,0,0,0,0,0,0,0,0,1,0,0,0,0,0,1,developpeur,terrain,0,1,0,teh,m1,0,,,4,oui,
rep_synth_0117,etudiant,femme,s,scientifique,10,17,12,11,11,18,14,16,,16.0,16.0,12.2,,4,3,1,1,1,0,0,0,0,1,0,0,1,1,1,0,1,0,0,0,0,1,1,0,0,1,0,0,0,0,0,0,0,0,chef_de_projet,recherche,1,0,1,iggia,l1,0,,,5,oui,
rep_synth_0250,etudiant,femme,s,scientifique,8,12,10,15,11,17,16,9,,16.5,9.0,11.2,,3,2,1,1,1,0,0,0,0,0,0,0,1,0,0,1,0,0,0,0,0,0,1,0,0,0,0,0,0,0,1,0,0,0,developpeur,bureau,1,1,1,esii,l3,0,,,5,oui,
rep_synth_0174,etudiant,femme,ose,economique,8,14,7,14,11,15,,,17,,,10.8,15.3,3,2,1,0,1,0,1,0,0,1,0,0,1,1,1,0,1,0,1,0,0,0,1,0,0,1,0,0,0,0,0,0,0,0,developpeur,recherche,1,1,1,iggia,m2,0,,,5,oui,
rep_synth_0187,etudiant,homme,d,scientifique,12,7,11,12,8,13,12,20,,12.5,20.0,10.0,,1,1,0,0,0,1,0,0,0,0,0,0,0,0,0,0,0,0,0,1,0,0,1,0,0,0,1,0,0,0,0,1,0,1,ecoguide,recherche,0,0,0,aee,m2,0,,,4,oui,
rep_synth_0335,professionnel,femme,c,scientifique,15,4,13,15,11,17,16,15,,16.5,15.0,11.6,,3,2,0,1,0,0,0,0,0,0,0,0,1,0,0,1,0,0,0,0,0,0,1,0,0,0,1,0,0,0,1,1,0,1,charge_etudes,recherche,1,1,1,icmp,,2020,technicien_laboratoire,45,4,oui,
rep_synth_0155,etudiant,femme,d,scientifique,7,10,9,9,7,7,18,16,,12.5,16.0,8.4,,1,1,0,1,0,1,1,0,0,0,0,0,1,0,0,1,0,0,0,1,0,0,1,0,0,0,1,0,0,0,1,0,1,0,technicien_laboratoire,bureau,0,1,0,icmp,l1,0,,,4,oui,
rep_synth_0286,professionnel,femme,ose,economique,11,12,13,13,14,17,,,17,,,12.6,15.7,4,3,1,0,1,0,0,0,0,1,0,0,1,0,0,0,1,0,1,0,0,0,0,0,0,1,0,0,0,0,0,0,0,0,ingenieur_genie_civil,bureau,1,1,1,iggia,,2015,consultant,87,5,oui,
rep_synth_0142,etudiant,femme,d,scientifique,11,12,11,12,9,14,13,14,,13.5,14.0,11.0,,3,2,1,0,1,1,0,0,0,0,0,0,1,1,0,0,1,0,1,0,0,0,1,0,0,1,0,0,0,0,0,0,0,1,consultant,recherche,1,0,1,iggia,m1,0,,,5,oui,
rep_synth_0333,professionnel,femme,l,litteraire,9,11,16,13,10,10,,,,,,11.8,,1,1,0,0,0,0,1,0,1,0,0,0,0,0,1,0,0,0,0,1,0,0,0,0,0,0,0,1,0,0,0,0,1,0,juriste,bureau,0,1,1,dtja,,2020,agronome,24,2,non,
rep_synth_0169,etudiant,homme,d,scientifique,8,12,14,9,11,15,16,17,,15.5,17.0,10.8,,3,2,1,1,1,0,0,0,0,0,0,0,1,1,0,1,0,0,0,0,0,1,1,0,0,0,1,0,0,0,0,1,0,0,ingenieur_electronique,recherche,1,1,1,esii,l2,0,,,5,oui,
rep_synth_0097,etudiant,homme,l,litteraire,12,17,13,16,14,13,,,,,,14.4,,4,3,0,0,0,0,1,0,0,0,1,0,0,0,1,0,0,0,1,0,0,0,0,0,0,0,1,0,0,0,0,1,0,0,gestionnaire_tourisme,relationnel,0,1,0,tee,l1,0,,,4,oui,
rep_synth_0293,professionnel,homme,s,scientifique,12,14,12,11,8,18,17,10,,17.5,10.0,11.4,,3,2,1,1,1,0,1,0,0,0,0,0,1,1,0,1,0,0,0,0,0,1,1,0,0,0,0,0,0,0,0,0,0,1,developpeur,bureau,1,1,1,esii,,2008,ingenieur_electronique,137,5,oui,
rep_synth_0381,professionnel,homme,s,scientifique,8,2,12,15,15,15,19,19,,17.0,19.0,10.4,,3,2,1,1,0,1,0,0,0,0,0,0,1,0,0,1,0,0,0,0,0,0,1,0,1,0,1,0,0,0,0,0,0,1,controleur_qualite,laboratoire,0,1,0,iaa,,2016,economiste,37,3,oui,
rep_synth_0197,etudiant,femme,a1,litteraire,17,17,16,14,14,10,,,,,,15.6,,4,3,0,0,0,0,1,0,0,0,1,0,0,0,1,0,1,0,1,0,0,0,0,0,0,0,0,1,0,0,0,1,1,1,directeur_hotel,terrain,0,1,0,teh,m2,0,,,5,oui,
rep_synth_0268,professionnel,femme,d,scientifique,12,9,3,16,10,16,12,16,,14.0,16.0,10.0,,1,1,1,1,1,1,0,0,0,0,0,0,1,0,0,1,0,0,0,0,0,1,1,0,0,0,1,0,0,0,1,0,0,0,ingenieur_electronique,bureau,1,1,1,esii,,2008,developpeur,193,5,oui,
rep_synth_0161,etudiant,femme,d,scientifique,11,9,13,12,9,11,20,18,,15.5,18.0,10.8,,3,2,0,1,0,1,0,0,0,0,0,0,1,0,0,0,0,0,0,1,0,0,1,0,1,0,1,0,0,0,0,0,0,0,controleur_qualite,terrain,0,0,0,iaa,l2,0,,,5,oui,
rep_synth_0361,professionnel,femme,a2,litteraire,15,13,15,18,13,8,,,,,,14.8,,4,3,0,0,0,0,1,0,1,0,0,0,0,0,1,0,0,0,0,1,0,0,0,0,0,0,0,1,0,0,0,1,1,1,assistant_juridique,bureau,0,1,0,dtja,,2018,juriste,88,4,oui,
rep_synth_0217,etudiant,homme,d,scientifique,10,6,10,10,8,16,15,17,,15.5,17.0,8.8,,1,1,1,1,1,1,0,0,0,0,0,0,1,1,0,0,0,0,0,0,0,0,1,0,0,0,1,0,0,0,1,0,0,0,technicien_superieur,recherche,1,0,1,emii,l1,0,,,5,oui,
rep_synth_0181,etudiant,femme,a2,litteraire,15,15,18,13,15,13,,,,,,15.2,,4,3,0,0,0,0,1,0,0,1,0,0,0,0,1,0,1,0,1,0,0,0,0,0,0,1,0,1,0,0,0,1,0,0,technicien_superieur,bureau,0,1,1,caa,l1,0,,,4,oui,
rep_synth_0154,etudiant,femme,c,scientifique,14,7,9,13,11,18,20,11,,19.0,11.0,10.8,,3,2,1,1,1,0,0,0,0,0,0,0,1,1,0,0,0,0,0,0,0,1,1,0,0,0,0,0,0,0,1,1,0,1,ingenieur_maintenance,bureau,1,1,1,emii,l2,0,,,5,oui,
rep_synth_0385,professionnel,homme,ose,economique,9,12,15,10,18,16,,,17,,,12.8,14.3,4,3,1,1,0,0,0,0,0,1,0,0,1,0,0,0,0,0,1,1,0,0,1,0,0,1,0,0,0,0,0,0,0,1,comptable,bureau,0,1,1,fic,,2010,comptable,182,5,non,
rep_synth_0104,etudiant,femme,ose,economique,10,15,12,14,11,12,,,15,,,12.4,13.7,3,2,0,0,0,1,1,0,0,1,1,0,0,0,1,0,1,0,1,0,0,0,0,0,0,1,1,0,0,0,0,0,0,1,gestionnaire_tourisme,relationnel,1,1,0,tee,m2,0,,,4,non,
rep_synth_0043,etudiant,femme,s,scientifique,14,9,17,13,10,15,15,11,,15.0,11.0,12.6,,3,2,1,1,1,0,0,0,0,0,1,0,1,0,0,1,0,0,0,0,0,0,1,1,0,0,0,0,0,0,0,1,0,0,comptable,recherche,1,1,1,gca,l1,0,,,4,oui,
rep_synth_0207,etudiant,homme,a1,litteraire,18,16,18,10,19,9,,,,,,16.2,,5,4,0,0,0,0,1,0,0,1,0,0,0,0,1,0,0,0,1,1,0,0,0,0,0,0,0,0,0,0,0,0,0,0,economiste,relationnel,0,1,0,emp,l2,0,,,3,oui,
rep_synth_0351,professionnel,femme,ose,economique,11,13,11,16,9,9,,,16,,,12.0,13.7,3,2,0,0,0,0,1,0,0,1,0,0,1,0,0,0,0,0,1,1,0,0,0,0,0,1,0,0,0,0,0,0,0,0,analyste_financier,bureau,1,1,1,fic,,2018,comptable,87,4,oui,
rep_synth_0303,professionnel,femme,l,litteraire,16,14,18,13,13,10,,,,,,14.8,,4,3,0,0,0,0,1,0,0,1,0,0,0,0,1,0,1,0,1,0,0,0,0,0,0,1,0,1,0,0,0,0,0,1,charge_affaires,relationnel,0,1,1,caa,,2009,charge_affaires,171,5,oui,
rep_synth_0233,etudiant,homme,a2,litteraire,14,15,16,14,18,8,,,,,,15.4,,4,3,0,0,0,0,1,0,0,1,0,0,0,0,1,0,0,0,1,1,0,0,0,0,0,1,0,0,0,0,1,0,0,0,economiste,bureau,0,1,0,emp,l2,0,,,2,non,
rep_synth_0279,professionnel,femme,a1,litteraire,15,18,16,14,15,10,,,,,,15.6,,4,3,0,0,0,0,1,1,0,0,1,0,0,0,1,0,0,0,0,0,0,0,0,0,0,0,0,1,0,0,0,1,0,0,charge_affaires,relationnel,0,1,0,teh,,2014,responsable_restauration,110,4,oui,
rep_synth_0260,etudiant,homme,c,scientifique,10,16,14,10,8,19,15,8,,17.0,8.0,11.6,,3,2,1,1,1,0,1,0,0,0,1,0,1,0,1,1,0,0,0,0,0,0,1,1,0,0,0,0,0,0,1,1,0,0,conducteur_travaux,recherche,1,1,1,gca,l3,0,,,5,oui,
rep_synth_0047,etudiant,femme,ose,economique,9,17,10,15,13,11,,,16,,,12.8,14.0,3,2,0,0,0,0,1,0,0,1,1,0,0,0,1,0,0,0,1,0,0,0,0,0,0,1,0,1,0,0,1,1,1,0,directeur_hotel,relationnel,0,1,1,teh,l2,0,,,4,non,
rep_synth_0354,professionnel,homme,a2,litteraire,14,11,17,17,13,11,,,,,,14.4,,4,3,0,0,0,0,0,0,0,1,0,0,0,0,0,0,0,0,1,1,0,0,0,0,0,1,0,0,0,0,1,1,0,0,charge_etudes,relationnel,0,1,0,emp,,2016,economiste,85,4,oui,
rep_synth_0389,professionnel,homme,c,scientifique,3,10,11,12,8,17,16,6,,16.5,6.0,8.8,,2,1,0,1,0,0,1,0,0,1,0,0,1,0,0,0,0,0,1,1,0,0,1,0,0,0,0,0,0,0,1,0,1,1,analyste_financier,relationnel,0,0,1,fic,,2009,comptable,134,4,oui,
rep_synth_0075,etudiant,homme,c,scientifique,15,8,5,9,10,17,15,13,,16.0,13.0,9.4,,2,1,1,1,1,0,0,0,0,0,0,0,1,1,0,0,0,0,0,0,0,0,1,0,0,0,0,0,0,0,0,1,0,1,technicien_laboratoire,bureau,1,1,1,isaia,m2,0,,,5,oui,
rep_synth_0206,etudiant,femme,c,scientifique,11,10,14,13,14,15,14,14,,14.5,14.0,12.4,,3,2,0,0,1,1,0,0,0,1,0,0,1,0,0,0,0,0,1,1,0,0,1,0,0,0,1,0,0,0,1,1,0,0,technicien_laboratoire,bureau,0,0,1,fic,m2,0,,,4,oui,
rep_synth_0017,etudiant,femme,c,scientifique,12,11,7,12,9,19,16,10,,17.5,10.0,10.2,,3,2,1,1,1,0,0,0,0,0,1,0,1,0,0,1,0,1,0,0,0,0,1,0,0,0,0,0,0,0,1,0,0,0,conducteur_travaux,bureau,1,1,1,gca,m1,0,,,5,non,
rep_synth_0182,etudiant,homme,a2,litteraire,15,15,16,13,11,15,,,,,,14.0,,4,3,1,0,0,0,1,0,0,1,0,0,0,0,1,0,1,0,0,0,0,0,1,0,0,1,0,1,0,0,0,1,1,0,charge_affaires,bureau,0,1,1,caa,l1,0,,,4,oui,
rep_synth_0376,professionnel,femme,d,scientifique,10,7,14,15,11,18,12,17,,15.0,17.0,11.4,,3,2,1,0,1,1,0,0,0,1,0,0,1,0,0,0,1,0,1,0,0,1,1,0,0,0,1,0,0,0,1,1,0,0,comptable,bureau,1,1,1,iggia,,2018,developpeur,94,5,oui,
rep_synth_0145,etudiant,homme,c,scientifique,12,10,9,14,5,20,17,11,,18.5,11.0,10.0,,3,2,1,1,1,0,0,0,1,0,0,0,1,1,1,0,0,1,0,0,0,1,1,1,0,0,0,0,0,0,0,0,0,1,technicien_superieur,recherche,1,1,1,imticia,l2,0,,,5,oui,
rep_synth_0252,etudiant,homme,d,scientifique,5,8,12,17,9,10,11,16,,10.5,16.0,10.2,,2,1,0,1,0,1,0,0,1,0,0,0,0,0,0,1,0,0,0,1,0,0,1,0,0,0,1,0,0,0,1,0,0,0,ingenieur_materiaux,bureau,0,1,1,icmp,l1,0,,,4,non,
rep_synth_0130,etudiant,femme,d,scientifique,7,11,11,9,5,14,11,15,,12.5,15.0,8.6,,1,1,1,1,1,1,0,0,0,0,0,0,1,1,0,1,0,0,0,0,0,1,1,0,0,0,0,0,0,0,0,1,0,0,ingenieur_maintenance,bureau,1,1,1,emii,l3,0,,,5,oui,
rep_synth_0013,etudiant,homme,a1,litteraire,16,15,17,15,14,9,,,,,,15.4,,4,3,0,0,0,1,1,0,0,0,1,0,0,0,1,0,0,0,1,0,0,0,0,0,0,0,0,0,0,0,0,1,0,0,ecoguide,relationnel,0,1,0,tee,l2,0,,,4,oui,
rep_synth_0211,etudiant,femme,c,scientifique,11,11,8,10,11,19,17,13,,18.0,13.0,10.2,,3,2,1,0,1,0,0,0,1,0,0,0,1,1,0,0,0,0,0,1,0,1,1,0,0,0,0,0,0,0,0,1,0,0,developpeur,bureau,1,1,1,isaia,m1,0,,,5,oui,
rep_synth_0262,professionnel,homme,c,scientifique,12,9,13,8,15,14,20,12,,17.0,12.0,11.4,,3,2,1,1,0,0,0,0,0,0,0,0,1,0,0,1,0,0,0,1,0,0,1,0,0,0,0,0,0,0,0,0,1,0,ingenieur_materiaux,terrain,0,1,1,icmp,,2021,ingenieur_materiaux,38,5,oui,
rep_synth_0005,etudiant,homme,d,scientifique,9,8,10,8,13,11,12,19,,11.5,19.0,9.6,,1,1,1,0,0,1,0,0,0,0,0,0,0,0,0,1,0,0,0,0,0,0,1,0,0,0,1,0,0,0,1,0,1,1,technicien_production_vegetale,terrain,0,1,0,pip,m1,0,,,5,oui,
rep_synth_0365,professionnel,homme,a2,litteraire,12,14,14,15,11,8,,,,,,13.2,,3,2,0,0,0,0,1,0,0,0,1,0,0,0,1,0,1,0,1,0,0,0,0,0,0,0,0,0,0,0,1,1,0,0,directeur_hotel,relationnel,0,1,0,teh,,2011,responsable_restauration,136,4,oui,
rep_synth_0177,etudiant,femme,d,scientifique,8,15,8,9,10,15,12,19,,13.5,19.0,10.0,,3,2,1,0,1,1,1,0,0,0,0,0,1,0,1,0,0,0,0,1,0,1,1,0,0,0,0,0,0,0,0,0,1,1,developpeur,bureau,1,0,1,isaia,m2,0,,,5,oui,
rep_synth_0350,professionnel,homme,l,litteraire,11,16,18,15,12,12,,,,,,14.4,,4,3,0,0,0,0,1,0,0,0,1,0,0,0,1,0,1,0,1,0,0,0,0,0,0,0,0,1,0,0,0,0,0,0,responsable_restauration,relationnel,1,1,0,teh,,2020,responsable_restauration,53,4,oui,
rep_synth_0095,etudiant,femme,l,litteraire,14,13,11,10,15,10,,,,,,12.6,,3,2,0,0,0,1,0,0,0,1,0,0,0,0,0,0,0,0,1,0,0,0,0,0,0,0,1,0,0,0,0,0,1,0,ecoguide,relationnel,0,0,1,tee,m1,0,,,4,oui,
rep_synth_0336,professionnel,femme,ose,economique,16,18,7,14,12,15,,,20,,,13.4,16.3,4,3,1,0,1,0,1,0,0,1,0,0,1,0,1,0,1,0,1,0,0,1,1,0,0,1,0,0,0,0,0,0,0,1,ingenieur_materiaux,bureau,1,1,1,iggia,,2020,chef_de_projet,44,5,oui,
rep_synth_0278,professionnel,femme,s,scientifique,15,7,11,12,7,16,15,11,,15.5,11.0,10.4,,2,1,1,0,0,0,1,0,0,1,0,0,1,0,0,0,0,0,0,1,0,0,1,0,0,0,0,0,0,0,0,0,1,0,comptable,relationnel,1,0,1,fic,,2012,analyste_financier,149,4,oui,
rep_synth_0291,professionnel,femme,c,scientifique,11,7,11,8,9,19,17,10,,18.0,10.0,9.2,,2,1,1,1,1,0,0,0,0,0,0,0,1,0,0,0,0,0,0,1,0,1,1,0,0,0,0,0,0,0,0,0,0,1,developpeur_web,recherche,1,1,1,isaia,,2011,ingenieur_ml,118,5,oui,
rep_synth_0032,etudiant,homme,c,scientifique,12,15,13,9,9,19,15,13,,17.0,13.0,11.6,,3,2,1,1,1,0,1,0,0,0,1,0,1,1,1,0,0,1,0,0,0,1,1,1,0,0,0,0,0,0,1,0,0,0,developpeur_web,bureau,1,1,1,imticia,l1,0,,,5,oui,
rep_synth_0186,etudiant,femme,l,litteraire,17,13,14,15,13,6,,,,,,14.4,,3,2,0,1,0,1,0,0,0,0,1,0,0,0,0,0,1,0,1,0,0,0,0,0,0,0,1,0,0,0,0,0,0,0,ecoguide,relationnel,0,1,0,tee,l1,0,,,4,oui,
rep_synth_0158,etudiant,homme,d,scientifique,12,9,12,11,10,14,6,17,,10.0,17.0,10.8,,1,1,1,0,1,1,0,0,0,0,0,0,1,1,0,0,0,0,0,1,0,1,1,0,0,0,1,0,0,0,1,0,0,0,data_scientist,recherche,1,1,1,isaia,l1,0,,,5,oui,
rep_synth_0096,etudiant,femme,c,scientifique,11,16,11,6,9,16,17,18,,16.5,18.0,10.6,,3,2,1,1,0,1,1,0,0,0,0,0,1,0,1,1,0,0,0,1,0,0,1,0,1,0,1,0,0,0,1,0,0,0,controleur_qualite,recherche,1,0,1,iaa,l1,0,,,5,oui,
rep_synth_0166,etudiant,femme,c,scientifique,9,17,13,12,6,17,15,10,,16.0,10.0,11.4,,3,2,1,1,1,0,1,0,0,0,1,0,1,1,1,0,0,1,0,0,0,1,1,1,0,0,0,0,0,0,1,1,0,0,developpeur_web,recherche,1,0,1,imticia,m1,0,,,5,oui,
rep_synth_0264,professionnel,homme,c,scientifique,13,12,15,15,7,17,14,11,,15.5,11.0,12.4,,3,2,1,1,0,0,1,0,0,1,0,0,1,0,0,0,0,0,1,1,0,0,1,0,0,1,0,0,0,0,1,0,0,0,comptable,bureau,0,1,0,fic,,2010,comptable,172,4,oui,
rep_synth_0396,professionnel,homme,a1,litteraire,16,14,18,15,15,10,,,,,,15.6,,4,3,0,0,0,0,1,0,1,0,0,0,0,0,1,0,0,0,0,1,0,0,0,0,0,0,0,1,0,0,1,0,1,1,assistant_juridique,relationnel,0,1,0,dtja,,2012,assistant_juridique,105,4,oui,
rep_synth_0012,etudiant,femme,s,scientifique,11,16,9,9,6,16,10,14,,13.0,14.0,10.2,,1,1,0,0,0,1,0,0,0,0,0,0,1,0,0,0,0,0,0,1,0,0,1,0,0,0,1,0,0,0,0,1,1,0,agronome,terrain,0,0,1,aee,l2,0,,,4,oui,
rep_synth_0296,professionnel,femme,l,litteraire,14,16,18,14,13,11,,,,,,15.0,,4,3,0,0,0,1,1,0,0,0,1,0,0,0,1,0,1,0,1,0,0,0,0,0,0,0,1,0,0,0,0,1,0,0,gestionnaire_tourisme,relationnel,1,1,0,tee,,2021,ecoguide,56,4,non,
rep_synth_0035,etudiant,homme,a2,litteraire,15,15,17,11,14,10,,,,,,14.4,,4,3,0,0,0,0,1,0,0,1,0,0,0,0,1,0,0,0,1,0,0,0,0,0,0,1,0,0,0,0,1,0,1,1,economiste,bureau,1,1,0,emp,m2,0,,,2,non,
rep_synth_0297,professionnel,homme,ose,economique,5,13,12,10,12,13,,,16,,,10.4,13.0,1,1,0,0,0,1,0,0,0,1,1,0,0,0,0,0,1,0,1,0,0,0,0,0,0,1,1,0,0,0,1,0,0,1,ecoguide,relationnel,0,1,0,tee,,2016,ecoguide,114,4,oui,
rep_synth_0229,etudiant,homme,l,litteraire,14,15,11,14,11,11,,,,,,13.0,,3,2,0,0,0,0,1,0,0,0,1,0,0,0,1,0,1,0,0,0,0,0,0,0,0,0,0,1,0,0,0,0,0,0,developpeur_web,relationnel,0,0,0,teh,l1,0,,,3,oui,
rep_synth_0367,professionnel,femme,a2,litteraire,17,12,15,16,15,9,,,,,,15.0,,4,3,0,0,0,0,0,1,1,0,0,0,0,0,1,0,0,0,0,1,0,0,0,0,0,0,0,1,0,0,0,0,0,0,assistant_juridique,relationnel,1,1,0,dtja,,2011,juriste,145,4,oui,
rep_synth_0329,professionnel,homme,s,scientifique,14,14,8,14,13,16,14,14,,15.0,14.0,12.6,,3,2,1,1,1,1,1,0,0,0,0,0,1,0,1,1,0,0,0,0,0,1,1,0,0,0,0,0,0,0,0,0,1,0,technicien_superieur,bureau,1,1,1,emii,,2020,ingenieur_maintenance,70,5,oui,
rep_synth_0288,professionnel,femme,c,scientifique,8,6,10,9,8,20,20,10,,20.0,10.0,8.2,,1,1,1,1,1,0,0,0,0,0,0,0,1,1,0,1,0,0,0,0,0,0,1,0,0,0,0,0,0,0,0,0,0,0,ingenieur_electronique,bureau,1,1,1,esii,,2008,ingenieur_electronique,181,5,oui,
rep_synth_0384,professionnel,femme,d,scientifique,4,12,8,10,11,16,13,20,,14.5,20.0,9.0,,1,1,1,1,0,1,0,0,0,0,0,0,1,0,0,1,0,0,0,1,0,0,1,0,0,0,1,0,0,0,0,1,0,0,controleur_qualite,terrain,1,1,1,iaa,,2016,controleur_qualite,95,5,oui,
rep_synth_0352,professionnel,femme,a1,litteraire,14,16,16,12,16,9,,,,,,14.8,,4,3,0,0,0,1,1,0,0,1,0,0,0,0,1,0,0,0,1,1,0,0,0,0,0,1,0,0,0,0,0,0,0,1,charge_etudes,bureau,0,1,1,emp,,2016,charge_etudes,78,4,oui,
rep_synth_0331,professionnel,femme,d,scientifique,7,10,12,10,15,11,16,18,,13.5,18.0,10.8,,3,2,0,1,0,1,0,0,0,0,0,0,1,0,0,1,0,0,0,1,0,0,1,0,1,0,1,0,0,0,0,0,0,1,consultant,laboratoire,0,1,0,iaa,,2010,controleur_qualite,164,5,oui,
rep_synth_0312,professionnel,femme,a2,litteraire,15,18,17,19,14,8,,,,,,16.6,,5,4,0,0,0,0,1,0,0,0,1,0,0,0,1,0,1,0,1,0,0,0,0,0,0,0,0,0,0,0,0,0,0,0,responsable_restauration,relationnel,0,1,0,teh,,2016,technicien_laboratoire,4,2,non,
rep_synth_0153,etudiant,femme,d,scientifique,8,12,11,10,12,12,12,17,,12.0,17.0,10.6,,2,1,0,0,0,1,0,0,0,0,0,0,0,0,0,1,0,0,0,1,0,0,1,0,0,0,1,0,0,0,0,0,1,0,technicien_laboratoire,terrain,0,1,0,icmp,m2,0,,,4,oui,
rep_synth_0345,professionnel,homme,s,scientifique,4,6,18,7,10,12,11,11,,11.5,11.0,9.0,,2,1,0,0,1,1,0,0,0,0,0,0,0,0,0,0,1,0,1,0,0,1,0,0,0,1,0,0,0,0,0,0,0,1,chef_de_projet,bureau,1,1,0,iggia,,2012,consultant,104,4,oui,
rep_synth_0340,professionnel,homme,a1,litteraire,16,15,17,15,15,6,,,,,,15.6,,4,3,0,0,0,0,1,0,1,0,0,0,0,0,1,0,0,0,0,1,0,0,0,0,0,0,0,1,0,0,0,1,0,0,juriste,bureau,0,1,0,dtja,,2021,juriste,38,4,oui,
rep_synth_0230,etudiant,homme,ose,economique,12,13,14,16,11,14,,,20,,,13.2,16.7,4,3,1,0,1,0,1,0,0,1,0,0,1,0,0,0,0,0,1,0,0,1,1,0,0,1,0,0,0,0,1,0,1,0,chef_de_projet,bureau,1,1,1,iggia,m2,0,,,5,oui,
rep_synth_0003,etudiant,femme,a2,litteraire,16,16,10,13,11,11,,,,,,13.2,,3,2,0,0,0,1,1,0,0,0,0,0,0,0,0,0,1,0,0,0,0,0,0,0,0,0,1,0,0,0,1,0,0,0,ecoguide,relationnel,0,1,0,tee,l3,0,,,4,oui,
rep_synth_0156,etudiant,homme,d,scientifique,9,11,12,13,5,19,13,17,,16.0,17.0,10.0,,3,2,1,0,1,1,0,0,0,0,1,0,1,1,1,0,0,1,0,0,0,1,1,1,0,0,0,0,0,0,0,1,1,0,chef_de_projet_multimedia,bureau,1,0,0,imticia,l2,0,,,5,oui,
rep_synth_0124,etudiant,homme,d,scientifique,14,11,8,8,12,12,12,15,,12.0,15.0,10.6,,2,1,1,0,1,1,0,0,0,0,1,0,1,0,0,0,0,1,0,0,0,0,1,1,0,0,1,0,0,0,1,0,0,0,ingenieur_genie_civil,terrain,1,1,0,gca,m1,0,,,5,oui,
rep_synth_0304,professionnel,homme,a1,litteraire,14,14,20,14,15,12,,,,,,15.4,,4,3,0,0,0,0,1,0,1,1,0,0,0,0,1,0,0,0,0,1,0,0,0,0,0,0,0,1,0,0,0,0,0,0,assistant_juridique,bureau,1,1,0,dtja,,2019,assistant_juridique,55,4,oui,
rep_synth_0021,etudiant,homme,a1,litteraire,18,15,18,16,16,7,,,,,,16.6,,5,4,0,0,0,0,1,0,1,0,0,0,0,0,1,0,0,0,0,1,0,0,0,0,0,0,0,1,0,0,1,1,0,0,assistant_juridique,relationnel,0,1,0,dtja,l3,0,,,4,oui,
rep_synth_0149,etudiant,femme,a1,litteraire,15,17,18,16,14,9,,,,,,16.0,,4,3,0,0,0,0,1,0,0,1,0,0,0,0,1,0,1,0,1,0,0,0,0,0,0,1,0,1,0,0,0,1,0,0,commercial_export,relationnel,0,1,1,caa,l1,0,,,5,oui,
rep_synth_0379,professionnel,femme,d,scientifique,13,14,8,9,11,13,18,17,,15.5,17.0,11.0,,3,2,1,1,1,0,1,0,0,0,0,0,1,1,1,0,0,0,0,0,0,1,1,0,0,0,1,0,0,0,0,0,0,0,ingenieur_electronique,bureau,1,1,0,esii,,2017,ingenieur_electronique,92,5,oui,
rep_synth_0108,etudiant,homme,c,scientifique,8,9,12,8,15,17,18,12,,17.5,12.0,10.4,,3,2,1,1,1,0,0,0,0,0,0,0,1,1,1,0,0,1,0,0,0,1,1,1,0,0,0,0,0,0,0,1,1,0,chef_de_projet_multimedia,bureau,1,1,0,imticia,l2,0,,,5,oui,
rep_synth_0074,etudiant,homme,c,scientifique,9,5,15,17,5,19,18,10,,18.5,10.0,10.2,,3,2,1,1,1,0,0,0,0,0,0,0,1,1,0,1,0,0,0,0,0,1,1,0,0,0,0,0,0,0,0,0,1,0,data_scientist,bureau,1,1,1,esii,l1,0,,,5,oui,
rep_synth_0218,etudiant,homme,a1,litteraire,20,19,16,13,16,13,,,,,,16.8,,5,4,0,0,0,0,0,0,0,0,1,0,0,0,1,0,1,0,1,0,0,0,0,0,0,0,0,1,0,0,0,1,0,0,responsable_restauration,relationnel,0,1,0,teh,l2,0,,,5,oui,
rep_synth_0347,professionnel,homme,c,scientifique,8,12,18,14,12,16,15,10,,15.5,10.0,12.8,,3,2,1,1,0,0,1,0,0,1,0,0,1,0,0,0,0,0,1,1,0,0,1,0,0,1,0,0,0,0,0,0,0,1,comptable,relationnel,0,1,1,fic,,2017,comptable,80,4,oui,
rep_synth_0249,etudiant,homme,ose,economique,7,13,15,11,19,13,,,14,,,13.0,12.7,3,2,0,0,0,0,1,0,0,1,0,0,0,0,1,0,1,0,1,0,0,0,0,0,0,1,0,0,0,0,0,0,1,0,commercial_export,bureau,0,1,1,caa,l2,0,,,5,oui,
rep_synth_0386,professionnel,femme,c,scientifique,9,15,19,12,8,20,18,7,,19.0,7.0,12.6,,4,3,1,1,1,0,0,0,0,0,0,0,1,1,1,0,0,0,0,0,0,1,1,0,0,0,0,0,0,0,1,1,0,0,chef_de_projet_multimedia,bureau,1,1,1,imticia,,2012,developpeur_web,100,5,oui,
rep_synth_0224,etudiant,femme,s,scientifique,7,16,14,13,16,15,18,12,,16.5,12.0,13.2,,4,3,1,1,1,0,0,0,0,0,0,0,1,0,1,0,0,0,0,0,0,0,1,1,0,0,0,0,0,0,1,0,1,0,conducteur_travaux,recherche,1,1,1,gca,m1,0,,,4,oui,
rep_synth_0094,etudiant,homme,l,litteraire,13,16,14,11,15,9,,,,,,13.8,,3,2,0,0,0,0,0,0,0,0,0,0,0,0,1,0,0,0,0,1,0,0,0,0,0,0,0,1,0,0,0,0,1,1,juriste,relationnel,0,1,0,dtja,l1,0,,,4,oui,
rep_synth_0261,professionnel,homme,d,scientifique,14,17,9,12,10,17,11,17,,14.0,17.0,12.4,,3,2,1,0,1,1,1,1,0,0,1,0,1,0,1,0,0,1,0,0,0,1,1,1,0,0,1,0,0,0,1,1,0,0,chef_de_projet_multimedia,bureau,1,0,1,imticia,,2010,chef_de_projet_multimedia,117,5,oui,
rep_synth_0221,etudiant,homme,l,litteraire,14,13,13,18,11,9,,,,,,13.8,,3,2,0,0,0,0,1,0,1,0,0,0,0,0,0,0,0,0,0,0,0,0,0,0,0,0,0,1,0,0,0,0,0,1,ecoguide,bureau,0,0,0,dtja,l1,0,,,2,oui,
rep_synth_0027,etudiant,femme,d,scientifique,11,12,3,9,3,14,13,15,,13.5,15.0,7.6,,2,1,1,0,0,1,0,0,0,0,0,0,1,1,0,0,1,0,1,0,0,1,1,0,0,1,1,0,0,0,0,0,0,1,chef_de_projet,recherche,1,1,1,iggia,m2,0,,,5,oui,
rep_synth_0183,etudiant,femme,d,scientifique,10,5,7,12,9,19,17,15,,18.0,15.0,8.6,,2,1,1,1,1,0,0,0,0,0,0,0,1,1,0,0,0,0,0,0,0,1,0,0,0,0,1,0,0,0,0,0,1,1,technicien_superieur,terrain,1,1,1,emii,l3,0,,,5,oui,
rep_synth_0175,etudiant,homme,c,scientifique,4,13,13,13,7,18,15,11,,16.5,11.0,10.0,,1,1,1,1,1,0,0,0,0,0,1,0,1,0,0,1,0,1,0,0,0,0,1,1,0,0,0,0,0,0,0,1,0,1,ingenieur_genie_civil,terrain,1,1,1,gca,m2,0,,,5,oui,
rep_synth_0323,professionnel,homme,c,scientifique,9,13,14,10,4,20,13,13,,16.5,13.0,10.0,,3,2,1,0,1,0,0,0,0,0,1,0,1,1,0,0,0,1,0,0,0,1,1,1,0,0,0,0,0,0,0,0,0,1,developpeur_web,recherche,1,1,1,imticia,,2012,chef_de_projet_multimedia,159,5,oui,
rep_synth_0112,etudiant,homme,s,scientifique,6,13,12,13,8,18,14,11,,16.0,11.0,10.4,,1,1,1,1,1,0,0,0,0,0,0,0,1,1,0,1,0,0,0,0,0,1,1,0,0,0,0,0,0,0,0,0,0,0,controleur_qualite,recherche,1,1,1,emii,l2,0,,,5,oui,
rep_synth_0090,etudiant,femme,d,scientifique,7,14,10,11,14,14,11,15,,12.5,15.0,11.2,,3,2,0,1,0,0,1,0,1,0,0,0,1,0,1,1,0,0,0,1,0,0,1,0,0,0,1,0,0,0,1,0,1,0,technicien_laboratoire,terrain,0,0,1,icmp,m1,0,,,4,oui,
rep_synth_0052,etudiant,femme,a2,litteraire,13,20,12,17,12,6,,,,,,14.8,,3,2,0,0,0,0,1,0,0,0,1,0,0,0,1,0,1,0,1,0,0,0,0,0,0,0,0,1,0,0,0,1,0,1,responsable_restauration,relationnel,0,1,0,teh,l3,0,,,5,oui,
rep_synth_0109,etudiant,homme,d,scientifique,8,8,10,12,8,12,11,15,,11.5,15.0,9.2,,2,1,1,1,1,1,0,0,0,0,0,0,1,1,0,1,0,0,0,0,0,1,1,0,0,0,1,0,0,0,1,0,0,0,developpeur,bureau,1,1,0,esii,m1,0,,,5,oui,
rep_synth_0165,etudiant,femme,a1,litteraire,14,19,15,12,16,11,,,,,,15.2,,4,3,0,0,0,0,1,0,0,0,1,0,0,0,1,0,1,0,0,0,0,0,0,0,0,0,0,1,0,0,0,1,0,0,responsable_restauration,terrain,0,1,1,teh,m1,0,,,5,oui,
rep_synth_0332,professionnel,femme,c,scientifique,11,8,7,16,12,16,16,18,,16.0,18.0,10.8,,3,2,0,1,0,1,0,0,0,0,1,0,1,0,0,1,0,0,0,1,0,0,1,0,0,0,1,0,0,0,0,0,1,0,technicien_agroalimentaire,terrain,0,1,1,iaa,,2013,technicien_agroalimentaire,138,5,oui,
rep_synth_0234,etudiant,homme,s,scientifique,8,13,12,16,8,20,17,10,,18.5,10.0,11.4,,3,2,1,1,1,0,0,0,0,0,0,0,1,1,0,1,0,0,0,0,0,0,1,0,0,0,0,0,0,0,1,0,0,1,chef_de_projet,recherche,1,0,1,esii,l3,0,,,5,oui,
rep_synth_0079,etudiant,femme,c,scientifique,12,16,7,10,12,16,18,11,,17.0,11.0,11.4,,3,2,1,1,1,0,1,0,0,0,0,0,1,1,0,0,0,0,0,1,0,1,1,0,0,0,0,0,0,0,0,1,0,0,ingenieur_ml,bureau,1,0,1,isaia,l3,0,,,5,oui,
rep_synth_0198,etudiant,homme,ose,economique,12,14,15,13,11,16,,,16,,,13.0,15.0,4,3,1,0,0,0,1,0,0,0,1,0,1,0,1,0,1,0,1,0,0,0,0,0,0,1,0,1,0,0,0,0,0,0,responsable_restauration,terrain,0,1,0,teh,l3,0,,,4,oui,
rep_synth_0344,professionnel,homme,d,scientifique,9,7,10,13,13,8,16,15,,12.0,15.0,10.4,,1,1,1,1,1,1,0,0,1,0,0,0,1,1,0,1,0,0,0,0,0,1,1,0,0,0,1,0,0,0,0,0,0,0,developpeur,bureau,1,1,1,esii,,2018,ingenieur_electronique,69,4,oui,
rep_synth_0046,etudiant,homme,c,scientifique,9,6,11,9,17,14,16,13,,15.0,13.0,10.4,,1,1,1,0,0,1,0,0,0,0,0,0,1,0,0,1,0,0,0,1,0,0,1,0,0,0,1,0,0,0,0,1,0,0,technicien_production_vegetale,terrain,0,1,1,pip,l2,0,,,5,oui,
rep_synth_0348,professionnel,homme,s,scientifique,7,9,10,13,10,17,13,14,,15.0,14.0,9.8,,1,1,1,0,1,1,0,0,0,0,0,0,1,1,1,0,0,1,0,0,0,1,1,0,0,0,1,0,0,0,0,0,0,1,developpeur_web,bureau,1,1,1,imticia,,2008,chef_de_projet_multimedia,188,5,oui,
rep_synth_0200,etudiant,homme,l,litteraire,9,12,17,15,17,14,,,,,,14.0,,4,3,1,0,0,0,1,0,1,0,0,0,1,0,0,0,0,0,0,0,0,0,1,0,0,0,0,1,0,0,0,1,1,0,developpeur,relationnel,0,1,1,dtja,m1,0,,,2,non,
rep_synth_0185,etudiant,femme,a2,litteraire,14,14,19,14,12,9,,,,,,14.6,,4,3,0,0,0,0,1,0,1,0,0,0,0,0,1,0,0,0,0,1,0,0,0,0,0,0,0,1,0,0,0,0,0,0,charge_affaires,relationnel,1,1,0,dtja,m2,0,,,4,oui,
rep_synth_0105,etudiant,homme,ose,economique,10,16,12,9,9,11,,,20,,,11.2,13.3,3,2,0,0,0,0,0,0,0,1,0,0,0,0,1,0,0,0,1,1,0,0,0,0,0,1,0,0,0,0,0,1,1,0,charge_etudes,bureau,0,0,0,emp,l3,0,,,4,oui,
rep_synth_0319,professionnel,homme,s,scientifique,10,13,5,17,14,12,12,12,,12.0,12.0,11.8,,2,1,0,0,1,0,0,0,0,0,0,0,1,1,0,1,0,0,0,0,0,1,0,0,0,0,0,0,0,0,0,0,0,0,technicien_superieur,bureau,1,0,0,emii,,2008,technicien_superieur,162,5,oui,
rep_synth_0029,etudiant,homme,d,scientifique,8,7,10,11,11,13,17,17,,15.0,17.0,9.4,,1,1,1,0,1,1,0,0,0,0,0,0,1,1,0,1,0,0,0,0,0,1,1,0,0,0,1,0,0,0,1,0,0,0,technicien_superieur,bureau,1,0,1,emii,m2,0,,,5,oui,
rep_synth_0099,etudiant,homme,s,scientifique,8,11,9,8,13,19,15,8,,17.0,8.0,9.8,,1,1,1,1,1,0,0,0,1,0,0,0,1,1,0,1,0,0,0,0,0,0,1,0,0,0,0,0,0,0,0,1,0,0,developpeur,recherche,1,1,1,esii,l1,0,,,5,oui,
rep_synth_0316,professionnel,femme,d,scientifique,16,12,9,10,14,15,12,16,,13.5,16.0,12.2,,3,2,1,0,1,1,0,0,0,1,0,0,1,1,0,0,1,0,0,0,0,1,1,0,0,0,1,0,0,0,1,0,0,0,chef_de_projet,recherche,1,0,1,iggia,,2020,developpeur,65,5,non,
rep_synth_0010,etudiant,femme,s,scientifique,15,13,13,10,13,20,15,14,,17.5,14.0,12.8,,4,3,1,1,1,1,0,0,0,0,0,0,1,1,1,0,0,1,0,0,0,1,1,1,0,0,1,0,0,0,1,0,1,0,developpeur_web,recherche,1,1,1,imticia,l1,0,,,5,oui,
rep_synth_0219,etudiant,femme,a1,litteraire,15,18,17,12,14,9,,,,,,15.2,,4,3,0,0,0,0,1,0,0,0,1,0,0,0,1,0,1,0,1,0,0,0,0,0,0,0,0,1,0,0,1,0,1,0,directeur_hotel,relationnel,0,1,0,teh,m1,0,,,5,oui,
rep_synth_0391,professionnel,homme,s,scientifique,7,13,10,10,12,16,15,11,,15.5,11.0,10.4,,2,1,1,1,1,0,0,0,0,1,0,0,1,1,0,0,1,0,1,0,0,1,1,0,0,1,0,0,0,0,1,0,1,1,commercial_export,recherche,1,1,1,iggia,,2015,developpeur,127,5,oui,
rep_synth_0060,etudiant,femme,c,scientifique,11,8,11,13,7,18,17,11,,17.5,11.0,10.0,,3,2,1,0,0,0,0,0,0,1,0,0,1,0,0,0,0,0,1,1,0,0,1,0,0,1,0,0,0,0,1,1,0,0,technicien_superieur,bureau,0,1,1,fic,m2,0,,,4,oui,
rep_synth_0050,etudiant,femme,l,litteraire,11,20,14,12,16,12,,,,,,14.6,,4,3,0,0,0,0,1,0,0,0,1,0,0,0,1,0,0,0,1,0,0,0,0,0,0,0,0,1,0,0,1,0,1,0,directeur_hotel,relationnel,0,1,0,teh,m2,0,,,4,oui,
rep_synth_0266,professionnel,homme,d,scientifique,5,11,8,11,12,11,12,19,,11.5,19.0,9.4,,1,1,0,0,0,1,0,0,0,0,0,0,0,0,0,1,0,0,0,1,0,0,1,0,0,0,1,0,0,0,1,0,1,0,gestionnaire_tourisme,laboratoire,0,1,0,aee,,2016,agronome,78,5,oui,
rep_synth_0024,etudiant,femme,d,scientifique,10,6,12,8,7,9,15,18,,12.0,18.0,8.6,,1,1,0,1,0,1,0,0,0,1,0,0,1,0,0,1,0,0,0,0,0,0,1,0,0,0,1,0,0,0,0,0,1,0,ingenieur_electronique,recherche,0,1,0,pip,l2,0,,,4,oui,
rep_synth_0223,etudiant,femme,s,scientifique,10,7,9,15,9,16,17,16,,16.5,16.0,10.0,,3,2,1,1,0,1,0,0,0,0,0,0,1,0,0,0,0,0,0,1,0,0,1,0,1,0,0,0,0,0,0,0,1,1,technicien_agroalimentaire,laboratoire,0,0,0,iaa,l3,0,,,5,oui,
rep_synth_0220,etudiant,homme,d,scientifique,11,14,11,18,9,12,11,16,,11.5,16.0,12.6,,3,2,0,1,1,1,1,0,0,0,0,0,1,0,1,1,0,0,0,0,0,1,0,0,0,0,1,0,0,0,0,0,0,1,technicien_superieur,terrain,1,1,0,emii,m1,0,,,5,oui,
rep_synth_0203,etudiant,femme,a1,litteraire,17,15,15,13,16,8,,,,,,15.2,,4,3,0,0,0,1,1,0,0,0,1,0,0,0,1,0,1,0,1,0,0,0,0,0,0,0,1,0,0,0,0,0,1,0,ecoguide,relationnel,1,1,0,tee,m2,0,,,5,oui,
rep_synth_0253,etudiant,femme,d,scientifique,10,16,16,12,8,16,13,17,,14.5,17.0,12.4,,4,3,1,0,1,0,1,0,0,0,1,0,1,1,1,0,0,0,0,0,0,1,1,0,0,0,1,0,0,0,0,0,1,1,developpeur_web,recherche,1,1,1,imticia,l3,0,,,5,oui,
rep_synth_0122,etudiant,femme,s,scientifique,15,10,11,9,14,19,15,10,,17.0,10.0,11.8,,3,2,1,1,0,0,0,0,0,1,0,0,1,0,0,0,0,0,1,1,0,0,1,0,0,0,0,0,0,0,0,0,1,0,comptable,bureau,0,1,1,fic,l2,0,,,4,oui,
rep_synth_0382,professionnel,homme,c,scientifique,8,4,12,17,7,16,15,12,,15.5,12.0,9.6,,2,1,1,1,0,1,0,0,0,0,0,0,1,0,0,1,0,0,0,1,0,0,1,0,0,0,1,0,0,0,1,1,0,1,horticulteur,laboratoire,1,1,1,pip,,2015,developpeur,57,3,oui,
rep_synth_0011,etudiant,femme,d,scientifique,14,12,8,15,2,15,19,20,,17.0,20.0,10.2,,3,2,0,1,0,1,0,0,0,0,0,0,1,0,0,0,0,0,0,1,0,0,1,0,1,0,1,0,0,0,1,0,0,0,controleur_qualite,terrain,0,1,1,iaa,m1,0,,,5,oui,
rep_synth_0188,etudiant,femme,c,scientifique,7,12,10,4,15,15,18,12,,16.5,12.0,9.6,,1,1,1,1,0,0,0,0,1,0,0,0,1,0,0,1,0,0,0,0,0,0,1,0,0,0,0,0,0,0,0,0,0,1,ingenieur_materiaux,bureau,0,1,0,icmp,m1,0,,,5,oui,
rep_synth_0022,etudiant,homme,s,scientifique,8,8,9,12,7,20,12,10,,16.0,10.0,8.8,,1,1,1,0,1,0,0,0,0,0,0,0,1,1,0,0,0,0,0,1,0,1,1,0,0,0,0,0,0,0,1,0,1,0,ingenieur_ml,bureau,1,1,1,isaia,m1,0,,,5,oui,
rep_synth_0341,professionnel,femme,c,scientifique,12,14,9,10,14,14,16,12,,15.0,12.0,11.8,,3,2,1,1,0,1,1,0,0,0,0,0,1,0,1,1,0,0,0,1,0,0,1,0,0,0,1,0,0,0,0,1,0,0,environnementaliste,recherche,0,1,1,aee,,2015,environnementaliste,108,5,non,
rep_synth_0275,professionnel,femme,ose,economique,12,14,14,11,7,19,,,20,,,11.6,16.7,4,3,1,0,1,0,0,0,0,1,1,0,0,1,0,0,1,0,1,0,0,1,1,0,0,1,0,0,0,0,1,0,0,1,consultant,bureau,1,1,1,iggia,,2018,consultant,69,5,oui,
rep_synth_0267,professionnel,femme,s,scientifique,5,12,13,11,7,15,18,12,,16.5,12.0,9.6,,2,1,1,1,0,0,0,0,0,0,0,0,1,0,0,1,0,0,0,0,0,0,1,0,0,0,0,0,0,0,0,0,1,0,ingenieur_materiaux,bureau,0,1,1,icmp,,2018,ingenieur_materiaux,90,4,non,
rep_synth_0067,etudiant,homme,s,scientifique,9,9,11,12,9,15,14,14,,14.5,14.0,10.0,,2,1,1,1,0,1,0,0,0,0,0,0,1,0,0,0,0,0,0,0,0,0,1,0,0,0,1,0,0,0,1,1,1,0,technicien_laboratoire,recherche,0,0,1,icmp,l3,0,,,4,oui,
rep_synth_0151,etudiant,femme,d,scientifique,5,19,15,12,13,12,14,17,,13.0,17.0,12.8,,3,2,0,1,0,1,1,0,0,0,0,0,1,0,1,1,0,0,0,1,0,0,1,0,0,0,1,0,0,0,1,0,0,1,technicien_agroalimentaire,terrain,1,1,1,iaa,m1,0,,,5,non,
rep_synth_0019,etudiant,homme,d,scientifique,6,9,14,15,11,15,12,18,,13.5,18.0,11.0,,3,2,1,0,1,1,0,0,0,0,0,0,1,0,0,0,0,0,0,1,0,1,1,0,0,0,1,0,0,0,1,0,1,0,developpeur,bureau,1,1,1,isaia,l3,0,,,5,oui,
rep_synth_0131,etudiant,homme,a1,litteraire,14,15,18,15,16,13,,,,,,15.6,,5,4,0,0,0,0,1,0,1,0,0,0,0,0,1,0,0,0,0,1,0,0,0,0,0,0,0,1,0,0,0,0,0,0,assistant_juridique,bureau,0,1,0,dtja,l2,0,,,4,oui,
rep_synth_0048,etudiant,femme,d,scientifique,7,10,14,14,9,15,16,17,,15.5,17.0,10.8,,3,2,1,1,1,1,0,1,0,0,0,0,1,1,0,0,0,0,0,1,0,1,1,0,0,0,1,0,0,0,0,0,0,1,developpeur,recherche,1,1,1,isaia,l1,0,,,5,oui,
rep_synth_0362,professionnel,femme,a2,litteraire,13,13,15,13,15,8,,,,,,13.8,,3,2,0,0,0,0,1,0,1,0,0,0,0,0,1,0,0,0,0,1,0,0,0,0,0,0,0,1,0,0,0,1,0,0,assistant_juridique,bureau,0,1,0,dtja,,2020,ingenieur_maintenance,4,2,non,
rep_synth_0215,etudiant,femme,d,scientifique,11,4,9,13,13,14,14,18,,14.0,18.0,10.0,,3,2,0,1,0,1,0,0,0,0,0,0,1,0,0,0,0,0,0,1,0,0,1,0,0,0,1,0,0,0,0,1,1,0,environnementaliste,recherche,1,1,1,aee,l1,0,,,4,oui,
rep_synth_0173,etudiant,femme,s,scientifique,9,12,6,11,11,19,15,9,,17.0,9.0,9.8,,1,1,1,1,1,0,0,0,0,1,0,0,1,1,0,0,0,0,1,0,0,1,1,0,0,1,0,0,0,0,0,0,1,0,developpeur,recherche,1,1,1,iggia,l3,0,,,5,oui,
rep_synth_0395,professionnel,homme,c,scientifique,10,7,12,13,10,16,16,9,,16.0,9.0,10.4,,1,1,0,1,0,1,0,0,0,0,0,0,1,0,0,1,0,0,0,1,0,0,1,0,0,0,1,0,0,0,0,0,0,0,horticulteur,terrain,0,1,1,pip,,2017,technicien_production_vegetale,97,4,oui,
rep_synth_0141,etudiant,homme,ose,economique,18,12,10,11,14,14,,,17,,,13.0,14.0,4,3,1,0,0,1,0,0,0,1,1,0,1,0,0,0,0,0,1,0,0,0,1,0,0,1,1,0,0,0,1,1,0,1,gestionnaire_tourisme,relationnel,1,1,1,tee,l1,0,,,4,oui,
rep_synth_0232,etudiant,femme,s,scientifique,11,15,13,9,12,16,20,12,,18.0,12.0,12.0,,4,3,1,1,0,0,1,0,0,0,0,0,1,1,1,1,0,0,0,0,0,0,0,0,0,0,0,0,0,0,0,0,0,0,ingenieur_maintenance,bureau,1,1,1,emii,l3,0,,,5,oui,
rep_synth_0123,etudiant,femme,c,scientifique,10,11,19,12,5,20,16,12,,18.0,12.0,11.4,,3,2,1,1,1,0,0,0,0,0,0,0,1,1,0,1,0,0,0,0,0,1,1,0,0,0,0,0,0,0,1,1,0,1,ingenieur_maintenance,bureau,1,1,1,emii,m2,0,,,5,oui,
rep_synth_0038,etudiant,homme,s,scientifique,13,18,10,11,5,17,15,15,,16.0,15.0,11.4,,3,2,0,1,1,1,0,0,0,0,1,0,1,1,1,0,0,1,0,0,0,1,1,1,0,0,1,0,0,0,1,0,0,1,economiste,bureau,1,1,1,imticia,m1,0,,,5,oui,
rep_synth_0076,etudiant,homme,c,scientifique,11,12,7,10,10,19,14,15,,16.5,15.0,10.0,,3,2,1,1,1,1,0,0,0,0,1,0,1,0,0,0,0,1,0,0,0,0,1,1,0,0,1,0,0,0,1,1,1,0,conducteur_travaux,bureau,1,1,1,gca,m1,0,,,5,oui,
rep_synth_0259,etudiant,homme,a1,litteraire,15,17,14,17,16,9,,,,,,15.8,,4,3,0,0,0,0,1,0,0,0,1,0,0,0,1,0,1,0,0,0,0,0,0,0,0,0,0,1,0,0,0,0,1,0,directeur_hotel,relationnel,0,1,1,teh,l1,0,,,4,oui,
rep_synth_0309,professionnel,femme,c,scientifique,10,10,4,15,11,19,14,9,,16.5,9.0,10.0,,1,1,1,1,1,0,0,0,0,0,1,0,1,0,0,1,0,1,0,0,0,0,1,1,0,0,0,0,0,0,1,0,0,0,ingenieur_genie_civil,terrain,1,1,1,gca,,2008,conducteur_travaux,189,5,oui,
rep_synth_0311,professionnel,femme,s,scientifique,7,10,9,9,11,14,17,16,,15.5,16.0,9.2,,1,1,1,1,0,1,0,0,0,0,0,0,1,0,0,0,0,0,0,1,0,0,1,0,1,0,0,0,0,0,0,1,0,0,analyste_financier,laboratoire,1,1,1,iaa,,2017,controleur_qualite,88,5,oui,
rep_synth_0111,etudiant,homme,d,scientifique,8,12,12,4,14,17,10,16,,13.5,16.0,10.0,,1,1,1,0,1,1,0,0,0,0,0,0,1,1,0,0,0,0,0,1,0,1,1,0,0,0,1,0,0,0,1,0,0,0,environnementaliste,bureau,1,1,1,isaia,m1,0,,,5,oui,
rep_synth_0081,etudiant,homme,d,scientifique,15,10,7,13,7,13,14,14,,13.5,14.0,10.4,,2,1,0,1,0,1,1,0,0,0,0,0,1,0,0,1,0,0,0,1,0,0,1,0,0,0,1,0,0,0,1,0,0,0,technicien_laboratoire,bureau,0,1,1,icmp,l3,0,,,4,non,
rep_synth_0088,etudiant,homme,s,scientifique,8,8,13,11,11,13,17,14,,15.0,14.0,10.2,,2,1,0,1,0,1,1,0,0,0,0,0,1,0,0,0,0,0,0,1,0,0,1,0,0,0,1,0,0,0,0,0,0,0,technicien_superieur,laboratoire,0,1,0,aee,l2,0,,,4,oui,
rep_synth_0100,etudiant,femme,ose,economique,17,17,10,14,11,12,,,16,,,13.8,14.0,4,3,0,0,0,0,1,0,0,1,1,0,0,0,1,0,1,0,1,0,0,0,0,0,0,1,0,0,0,0,1,0,0,0,directeur_hotel,relationnel,0,1,0,teh,m1,0,,,4,oui,
rep_synth_0209,etudiant,homme,s,scientifique,9,9,13,6,11,13,13,11,,13.0,11.0,9.6,,2,1,0,0,0,0,1,0,0,1,0,0,1,0,0,0,0,0,1,1,0,0,0,0,0,1,0,0,0,0,0,0,1,0,comptable,bureau,0,0,0,fic,m1,0,,,4,oui,
rep_synth_0072,etudiant,homme,c,scientifique,8,8,14,10,12,20,20,13,,20.0,13.0,10.4,,3,2,1,1,1,0,0,0,0,0,0,0,1,1,0,0,0,0,0,0,0,1,1,0,0,0,0,0,0,0,0,0,1,1,technicien_superieur,terrain,1,0,1,emii,l3,0,,,5,oui,
rep_synth_0397,professionnel,femme,a1,litteraire,16,19,17,11,14,7,,,,,,15.4,,4,3,0,0,0,0,1,0,0,0,1,0,0,0,1,0,0,0,1,0,0,0,0,0,0,0,0,1,0,0,1,1,0,0,responsable_restauration,relationnel,1,1,0,teh,,2015,directeur_hotel,103,5,oui,
rep_synth_0399,professionnel,femme,a2,litteraire,12,17,18,15,16,9,,,,,,15.6,,4,3,0,0,0,1,1,0,1,0,0,0,0,0,1,0,0,0,0,1,0,0,0,0,0,0,0,1,0,0,0,1,0,0,juriste,relationnel,0,1,0,dtja,,2011,ecoguide,68,2,non,
rep_synth_0176,etudiant,homme,s,scientifique,9,11,13,12,7,13,15,14,,14.0,14.0,10.4,,2,1,0,1,0,1,0,0,0,0,0,0,1,0,0,1,0,0,0,0,0,0,1,0,1,0,1,0,0,0,0,1,0,0,technicien_agroalimentaire,terrain,0,1,0,iaa,l2,0,,,4,oui,
rep_synth_0245,etudiant,homme,d,scientifique,10,10,9,10,8,16,10,19,,13.0,19.0,9.4,,2,1,1,0,1,1,0,0,0,0,0,0,1,1,0,0,1,0,1,0,0,1,1,0,0,0,1,0,0,0,0,0,1,0,consultant,recherche,1,0,1,iggia,l2,0,,,5,oui,
rep_synth_0272,professionnel,femme,c,scientifique,7,12,7,14,7,17,19,13,,18.0,13.0,9.4,,3,2,1,1,1,0,0,0,0,0,0,0,1,1,0,0,0,0,0,0,0,1,1,0,0,0,0,0,0,0,0,0,0,1,developpeur,recherche,1,1,1,esii,,2010,developpeur,135,5,oui,
rep_synth_0204,etudiant,homme,d,scientifique,15,8,12,11,11,14,11,16,,12.5,16.0,11.4,,3,2,1,0,1,1,0,0,0,1,0,0,1,1,0,0,1,0,1,0,0,1,1,0,0,1,1,0,0,0,0,0,0,1,developpeur,bureau,1,0,1,iggia,l1,0,,,5,oui,
rep_synth_0119,etudiant,homme,ose,economique,15,13,14,12,3,14,,,17,,,11.4,14.3,3,2,1,0,0,0,0,0,0,1,0,0,1,0,0,0,0,0,1,1,0,0,1,0,0,1,0,0,0,0,0,0,1,1,charge_etudes,bureau,0,1,1,emp,m1,0,,,4,oui,
rep_synth_0116,etudiant,homme,d,scientifique,9,14,8,11,14,15,11,16,,13.0,16.0,11.2,,3,2,1,0,1,1,1,0,0,0,0,0,1,0,1,0,0,1,0,0,0,1,1,1,0,0,0,0,0,0,0,0,0,0,developpeur_web,bureau,1,1,1,imticia,m1,0,,,5,oui,
rep_synth_0150,etudiant,homme,a2,litteraire,15,13,15,15,13,7,,,,,,14.2,,3,2,0,0,0,0,0,0,0,1,0,0,0,0,1,0,1,0,0,0,0,0,0,0,0,0,0,1,0,0,1,0,0,0,commercial_export,relationnel,0,1,1,caa,l3,0,,,4,non,
rep_synth_0277,professionnel,homme,d,scientifique,7,12,13,13,17,11,11,17,,11.0,17.0,12.4,,3,2,1,0,1,1,0,0,0,0,1,0,0,1,0,0,0,0,0,1,0,1,1,0,0,0,1,0,0,0,1,1,1,1,developpeur,recherche,1,1,1,isaia,,2009,data_scientist,191,5,oui,
rep_synth_0056,etudiant,homme,a1,litteraire,15,14,16,14,16,9,,,,,,15.0,,4,3,0,0,0,1,0,0,0,0,1,0,0,0,0,0,1,0,1,0,0,0,0,0,0,0,1,0,0,0,1,1,1,0,ecoguide,relationnel,0,1,1,tee,l1,0,,,4,non,
rep_synth_0147,etudiant,homme,s,scientifique,10,14,9,14,10,17,15,11,,16.0,11.0,11.4,,3,2,1,1,0,0,1,0,0,0,0,0,1,0,1,1,0,0,0,1,0,0,1,0,0,0,0,0,0,0,0,1,1,0,ingenieur_maintenance,terrain,0,1,1,icmp,m1,0,,,4,oui,
rep_synth_0295,professionnel,homme,c,scientifique,14,11,13,14,11,19,16,11,,17.5,11.0,12.6,,4,3,1,1,1,0,0,0,0,0,0,0,1,0,0,1,0,1,0,0,0,0,1,0,0,0,0,0,0,0,0,0,0,1,ingenieur_genie_civil,recherche,1,1,1,gca,,2016,conducteur_travaux,95,5,oui,
rep_synth_0328,professionnel,homme,c,scientifique,14,13,17,9,10,19,16,11,,17.5,11.0,12.6,,4,3,1,1,0,0,1,0,0,0,0,0,1,0,0,1,0,0,0,0,0,0,1,0,0,0,0,0,0,0,0,1,0,1,ingenieur_materiaux,recherche,0,1,1,icmp,,2017,ingenieur_materiaux,70,5,oui,
rep_synth_0270,professionnel,femme,l,litteraire,13,11,14,12,14,13,,,,,,12.8,,3,2,0,0,0,1,0,0,0,0,1,0,0,0,0,0,1,0,1,0,0,0,0,0,0,0,1,0,0,0,1,0,0,1,gestionnaire_tourisme,relationnel,0,1,0,tee,,2009,gestionnaire_tourisme,134,4,oui,
rep_synth_0064,etudiant,homme,c,scientifique,8,7,17,10,9,15,15,15,,15.0,15.0,10.2,,3,2,1,1,0,1,1,0,0,1,0,0,1,0,0,0,0,0,1,1,0,0,1,0,0,0,1,0,0,0,1,0,0,0,comptable,bureau,0,1,0,fic,l3,0,,,4,non,
rep_synth_0037,etudiant,femme,d,scientifique,11,17,14,14,12,14,10,18,,12.0,18.0,13.6,,4,3,1,0,1,1,1,0,0,0,0,0,1,1,1,0,0,1,0,0,0,0,1,1,0,0,0,0,0,0,0,1,0,1,developpeur_web,recherche,1,1,1,imticia,m1,0,,,5,oui,
rep_synth_0310,professionnel,femme,c,scientifique,10,16,9,6,9,15,13,10,,14.0,10.0,10.0,,1,1,1,0,1,0,1,0,0,0,0,0,1,1,1,0,0,0,0,1,0,1,1,0,0,0,0,0,0,0,1,1,0,0,developpeur,bureau,1,1,1,isaia,,2009,developpeur,153,5,oui,
rep_synth_0160,etudiant,homme,s,scientifique,11,16,17,14,12,19,19,13,,19.0,13.0,14.0,,5,4,1,1,1,0,1,0,0,0,1,0,1,1,1,0,0,1,0,0,0,0,1,1,0,0,0,0,0,0,0,0,1,1,developpeur_web,bureau,1,1,1,imticia,l3,0,,,5,oui,
rep_synth_0040,etudiant,homme,s,scientifique,12,13,11,9,13,18,17,10,,17.5,10.0,11.6,,3,2,1,1,1,0,0,0,0,0,0,0,1,0,0,0,0,1,0,0,0,0,1,1,0,0,0,0,0,0,0,0,0,1,conducteur_travaux,recherche,1,1,1,gca,l2,0,,,5,oui,
rep_synth_0030,etudiant,femme,a2,litteraire,14,11,18,18,14,9,,,,,,15.0,,4,3,0,0,0,0,1,0,1,0,0,0,0,0,0,0,0,0,0,1,0,0,0,0,0,0,0,1,0,0,0,0,0,0,assistant_juridique,relationnel,1,1,0,dtja,m1,0,,,4,non,
rep_synth_0069,etudiant,femme,d,scientifique,9,13,16,4,9,14,19,15,,16.5,15.0,10.2,,3,2,1,1,1,0,0,0,0,0,0,0,1,1,0,0,0,0,0,0,0,0,1,0,0,0,1,0,0,0,0,0,0,1,developpeur,recherche,1,1,1,esii,l3,0,,,4,non,
rep_synth_0178,etudiant,homme,a1,litteraire,15,15,15,10,16,12,,,,,,14.2,,4,3,0,0,1,1,1,0,0,0,1,0,0,0,1,0,0,0,1,0,0,0,0,0,0,0,0,0,0,0,1,0,0,1,directeur_hotel,relationnel,0,1,0,tee,l1,0,,,3,non,
rep_synth_0313,professionnel,homme,a2,litteraire,15,13,17,13,11,10,,,,,,13.8,,3,2,0,0,0,1,0,0,0,0,1,0,0,0,0,0,1,0,1,0,0,0,0,0,0,0,0,0,0,0,1,0,0,1,developpeur,relationnel,0,1,0,tee,,2020,gestionnaire_tourisme,35,3,oui,
rep_synth_0189,etudiant,homme,d,scientifique,8,12,11,7,11,16,11,16,,13.5,16.0,9.8,,2,1,1,0,1,1,0,0,0,0,1,0,0,1,1,0,0,1,0,0,0,1,1,0,0,0,1,0,0,0,0,0,1,1,agronome,recherche,1,1,1,imticia,l1,0,,,5,oui,
rep_synth_0201,etudiant,homme,ose,economique,15,12,16,15,9,12,,,19,,,13.4,15.3,4,3,0,0,0,0,1,0,0,1,0,0,0,0,0,0,0,0,1,0,0,0,0,0,0,1,0,0,0,0,0,1,0,1,developpeur,bureau,0,1,0,fic,m1,0,,,3,non,
rep_synth_0110,etudiant,homme,c,scientifique,12,5,13,15,10,19,15,16,,17.0,16.0,11.0,,3,2,1,1,0,1,0,0,0,0,0,0,1,0,0,1,0,0,0,0,0,0,1,0,0,0,1,0,0,0,0,1,0,0,horticulteur,laboratoire,0,1,1,pip,m1,0,,,5,oui,
rep_synth_0349,professionnel,femme,s,scientifique,11,13,9,14,14,13,17,14,,15.0,14.0,12.2,,3,2,0,1,1,1,0,0,0,1,0,0,0,1,0,0,0,0,0,0,0,0,1,0,0,1,1,0,0,0,1,0,1,1,chef_de_projet_multimedia,bureau,1,1,1,iggia,,2018,chef_de_projet,77,4,oui,
rep_synth_0318,professionnel,homme,a2,litteraire,16,13,15,13,15,11,,,,,,14.4,,4,3,0,0,0,1,0,0,0,0,0,0,0,0,0,0,1,0,0,0,0,0,0,0,0,0,0,0,0,0,0,1,0,0,ecoguide,relationnel,0,0,0,tee,,2012,gestionnaire_tourisme,61,3,non,
rep_synth_0002,etudiant,homme,s,scientifique,10,13,11,13,12,18,15,13,,16.5,13.0,11.8,,3,2,1,1,1,0,0,0,0,0,1,0,1,0,1,0,0,1,0,0,0,1,1,1,0,0,0,0,0,0,1,0,0,0,juriste,recherche,1,1,1,imticia,m1,0,,,5,oui,
rep_synth_0394,professionnel,homme,a2,litteraire,12,13,14,11,14,9,,,,,,12.8,,3,2,1,0,0,0,0,0,0,1,0,0,0,0,1,0,1,0,0,0,0,0,0,0,0,1,0,1,0,0,1,0,1,1,commercial_export,bureau,1,1,0,caa,,2019,commercial_export,54,4,oui,
rep_synth_0372,professionnel,homme,l,litteraire,12,13,17,15,10,11,,,,,,13.4,,3,2,0,1,0,0,1,0,0,1,0,0,0,0,1,0,1,0,1,0,0,0,0,0,0,0,0,0,0,0,0,1,0,0,commercial_export,bureau,1,1,0,caa,,2012,commercial_export,159,4,oui,
rep_synth_0062,etudiant,femme,s,scientifique,6,15,10,10,6,15,14,11,,14.5,11.0,9.4,,1,1,1,1,1,0,1,0,0,0,1,0,1,1,1,0,0,0,0,0,0,0,1,1,0,0,0,0,0,0,1,0,0,0,developpeur_web,bureau,1,1,1,imticia,m1,0,,,4,oui,
rep_synth_0390,professionnel,femme,c,scientifique,10,9,5,8,10,18,19,10,,18.5,10.0,8.4,,1,1,1,1,0,1,0,0,0,0,0,0,1,0,0,1,0,0,0,1,0,0,1,0,1,0,0,0,0,0,1,1,1,1,technicien_agroalimentaire,laboratoire,0,1,0,iaa,,2013,controleur_qualite,123,4,oui,
rep_synth_0146,etudiant,femme,s,scientifique,10,9,9,6,13,13,15,14,,14.0,14.0,9.4,,2,1,0,0,0,1,0,0,0,0,0,0,1,0,0,1,0,0,0,1,0,0,1,0,0,0,1,0,0,0,0,1,0,0,horticulteur,recherche,1,0,0,pip,m2,0,,,4,oui,
rep_synth_0374,professionnel,femme,d,scientifique,11,12,20,15,11,11,14,18,,12.5,18.0,13.8,,4,3,0,0,0,1,0,0,0,0,0,0,1,0,0,1,0,0,0,1,0,0,1,0,0,0,1,0,0,0,0,0,1,0,horticulteur,terrain,0,1,0,pip,,2018,charge_affaires,57,3,oui,
rep_synth_0136,etudiant,femme,ose,economique,9,17,11,14,12,13,,,19,,,12.6,15.3,4,3,0,0,0,0,1,0,0,1,0,0,0,0,1,0,1,0,1,0,0,0,0,0,0,1,0,1,0,0,0,1,0,1,charge_affaires,bureau,0,1,0,caa,l3,0,,,5,oui,
rep_synth_0255,etudiant,femme,ose,economique,16,9,17,9,15,10,,,18,,,13.2,12.3,3,2,0,0,0,1,0,0,1,1,1,0,0,0,0,0,1,0,1,0,0,0,0,0,0,1,1,0,0,0,0,1,0,0,gestionnaire_tourisme,relationnel,0,1,0,tee,m1,0,,,4,oui,
rep_synth_0360,professionnel,homme,s,scientifique,10,6,12,8,7,18,11,18,,14.5,18.0,8.6,,2,1,1,0,0,1,0,0,0,0,0,0,0,0,0,1,0,0,0,1,0,0,1,0,0,0,1,0,0,0,0,1,1,0,agronome,terrain,0,1,1,aee,,2012,agronome,109,5,oui,
rep_synth_0327,professionnel,homme,a1,litteraire,15,14,15,12,16,12,,,,,,14.4,,4,3,0,0,0,0,1,0,0,1,0,0,0,0,0,0,0,0,1,1,0,0,0,0,0,1,0,0,0,0,0,0,0,0,charge_etudes,bureau,1,0,0,emp,,2009,charge_etudes,184,4,oui,
rep_synth_0242,etudiant,femme,a1,litteraire,15,16,17,10,16,16,,,,,,14.8,,5,4,1,0,0,0,1,0,0,1,0,0,1,0,1,0,0,0,1,1,0,0,1,0,0,1,0,0,0,0,0,0,0,0,economiste,bureau,0,1,1,emp,m1,0,,,5,oui,
rep_synth_0171,etudiant,femme,ose,economique,7,9,11,13,11,13,,,11,,,10.2,12.3,1,1,0,0,0,0,0,0,0,0,1,0,0,0,0,0,1,0,1,0,0,0,0,0,0,0,0,1,0,0,0,0,1,0,responsable_restauration,relationnel,0,1,0,teh,m1,0,,,4,oui,
rep_synth_0194,etudiant,homme,s,scientifique,11,14,13,12,12,17,15,12,,16.0,12.0,12.4,,3,2,1,1,0,1,1,0,0,0,0,0,1,0,0,0,0,0,0,1,0,0,1,0,0,0,1,0,0,0,0,1,0,0,technicien_production_vegetale,terrain,0,0,1,pip,l1,0,,,4,oui,
rep_synth_0353,professionnel,femme,s,scientifique,11,15,10,15,10,15,18,15,,16.5,15.0,12.2,,4,3,1,1,0,1,1,0,0,0,0,0,1,0,1,1,0,0,0,1,0,0,1,0,1,0,1,0,0,0,0,0,0,1,controleur_qualite,recherche,0,1,0,iaa,,2014,controleur_qualite,111,5,oui,
rep_synth_0126,etudiant,homme,ose,economique,10,13,14,12,13,17,,,20,,,12.4,16.3,4,3,1,0,0,1,0,0,0,0,1,0,0,0,0,0,1,0,1,0,0,0,1,0,0,1,0,0,0,0,0,0,0,0,gestionnaire_tourisme,relationnel,0,1,1,tee,l2,0,,,4,non,
rep_synth_0007,etudiant,homme,a2,litteraire,12,20,11,13,13,9,,,,,,13.8,,3,2,0,0,0,0,1,0,0,0,1,0,0,0,1,0,1,0,1,0,0,0,0,0,0,0,0,1,0,0,1,1,0,1,responsable_restauration,relationnel,0,1,0,teh,l2,0,,,4,oui,
rep_synth_0269,professionnel,femme,ose,economique,14,16,6,15,11,13,,,19,,,12.4,15.7,3,2,0,0,0,0,1,0,0,1,0,0,0,0,1,0,0,0,1,0,0,0,0,0,0,1,0,0,0,0,1,0,0,0,charge_etudes,relationnel,1,0,0,emp,,2020,charge_etudes,59,5,oui,
rep_synth_0306,professionnel,femme,s,scientifique,5,15,18,10,15,18,16,14,,17.0,14.0,12.6,,4,3,1,1,1,1,1,0,0,0,1,0,1,1,1,0,0,1,0,0,0,0,1,1,0,0,1,0,0,0,1,1,0,1,chef_de_projet_multimedia,recherche,1,1,1,imticia,,2012,developpeur_web,144,5,oui,
rep_synth_0066,etudiant,homme,s,scientifique,6,11,9,14,5,18,16,11,,17.0,11.0,9.0,,2,1,1,1,1,0,0,0,0,0,0,0,1,1,0,1,0,0,0,0,0,1,1,0,0,0,0,0,0,0,0,0,0,0,developpeur,bureau,1,1,1,esii,m2,0,,,5,oui,
rep_synth_0282,professionnel,homme,a1,litteraire,16,17,14,16,14,12,,,,,,15.4,,4,3,0,0,0,1,1,0,0,0,1,0,0,0,1,0,1,0,1,0,0,0,0,0,0,0,1,0,0,0,0,0,0,1,ecoguide,relationnel,1,1,0,tee,,2011,gestionnaire_tourisme,127,4,oui,
rep_synth_0058,etudiant,femme,s,scientifique,14,9,10,8,10,19,16,14,,17.5,14.0,10.2,,3,2,1,1,1,1,0,0,0,0,0,0,1,1,0,1,0,0,0,0,0,0,1,0,0,0,1,0,0,0,1,1,1,1,technicien_superieur,recherche,1,0,1,emii,m1,0,,,5,oui,
rep_synth_0213,etudiant,homme,l,litteraire,15,12,16,15,11,13,,,,,,13.8,,4,3,0,0,0,1,1,0,1,0,0,0,0,0,1,0,0,0,0,1,0,0,0,0,0,0,0,1,0,0,0,0,0,0,assistant_juridique,bureau,0,1,1,dtja,m1,0,,,4,oui,
rep_synth_0172,etudiant,homme,s,scientifique,7,13,15,10,5,20,16,12,,18.0,12.0,10.0,,3,2,0,1,1,0,0,1,0,0,0,0,1,1,0,0,0,0,0,0,0,1,1,0,0,0,0,0,0,0,1,1,1,1,developpeur,bureau,1,1,1,esii,m2,0,,,5,oui,
rep_synth_0055,etudiant,femme,a2,litteraire,18,18,13,15,17,9,,,,,,16.2,,5,4,0,0,0,0,1,0,0,1,0,0,0,0,0,0,0,0,1,1,0,0,0,0,0,1,0,0,0,0,0,1,1,0,economiste,bureau,0,1,0,emp,l1,0,,,3,oui,
rep_synth_0301,professionnel,femme,d,scientifique,13,12,4,10,10,9,14,19,,11.5,19.0,9.8,,1,1,1,1,1,0,0,0,0,0,0,0,1,1,0,1,0,0,0,0,0,0,1,0,0,0,1,0,0,0,1,1,0,0,technicien_superieur,terrain,1,1,0,emii,,2008,technicien_superieur,199,5,oui,
rep_synth_0016,etudiant,homme,d,scientifique,14,13,10,10,11,10,11,16,,10.5,16.0,11.6,,1,1,1,0,1,1,0,0,0,0,0,0,0,0,0,0,0,0,0,1,0,0,1,0,0,0,1,0,0,0,0,0,0,0,developpeur,bureau,1,0,1,isaia,m2,0,,,4,oui,
rep_synth_0014,etudiant,homme,d,scientifique,11,13,9,7,13,16,10,16,,13.0,16.0,10.6,,1,1,1,0,1,1,0,0,1,0,0,0,1,1,0,0,0,0,1,0,0,1,1,0,0,0,1,0,0,0,0,0,0,0,horticulteur,bureau,1,0,1,iggia,m1,0,,,4,oui,
rep_synth_0107,etudiant,femme,c,scientifique,10,8,13,12,13,15,15,12,,15.0,12.0,11.2,,3,2,1,1,0,1,0,0,0,0,0,0,1,0,0,1,0,0,0,1,0,0,1,0,0,0,1,0,0,0,1,1,0,0,environnementaliste,terrain,0,0,1,aee,l2,0,,,5,oui,
